path	classification
A72_RUNTIME_CODE_DOSSIER.md	root_git_untracked
A72_RUNTIME_CONTRACT.json	root_git_untracked
A72_RUNTIME_SOURCE_EXCERPTS.txt	root_git_untracked
ARposeTTracker.cs	root_git_tracked
ReconViaGen/.gitignore	reconviagen_git_tracked
ReconViaGen/LICENSE	reconviagen_git_tracked
ReconViaGen/ProObjaverse30K原始数据OSS传输命令_20260816.txt	reconviagen_git_untracked
ReconViaGen/README.md	reconviagen_git_tracked
ReconViaGen/app.py	reconviagen_git_tracked
ReconViaGen/app_fine.py	reconviagen_git_tracked
ReconViaGen/app_try.py	reconviagen_git_tracked
ReconViaGen/ar_pose_quality.py	reconviagen_git_untracked
ReconViaGen/dataset.py	reconviagen_git_tracked
ReconViaGen/diagnose_vggt_camera_vs_ar.py	reconviagen_git_untracked
ReconViaGen/download_proobjaverse_subset.py	reconviagen_git_untracked
ReconViaGen/extract_mask.py	reconviagen_git_untracked
ReconViaGen/prepare_proobjaverse_30k.py	reconviagen_git_untracked
ReconViaGen/rebuild_mesh_from_coarse_dataset.py	reconviagen_git_untracked
ReconViaGen/requirements.txt	reconviagen_git_tracked
ReconViaGen/run_local copy.py	reconviagen_git_untracked
ReconViaGen/run_local.py	reconviagen_git_untracked
ReconViaGen/setup.sh	reconviagen_git_tracked
ReconViaGen/test_prepare_proobjaverse_30k.py	reconviagen_git_untracked
ReconViaGen/train_slat.py	reconviagen_git_tracked
ReconViaGen/train_slat.sh	reconviagen_git_tracked
ReconViaGen/train_ss.py	reconviagen_git_tracked
ReconViaGen/train_ss.sh	reconviagen_git_tracked
ReconViaGen/trellis/__init__.py	reconviagen_git_tracked
ReconViaGen/trellis/modules/attention/__init__.py	reconviagen_git_tracked
ReconViaGen/trellis/modules/attention/full_attn.py	reconviagen_git_tracked
ReconViaGen/trellis/modules/attention/modules.py	reconviagen_git_tracked
ReconViaGen/trellis/modules/norm.py	reconviagen_git_tracked
ReconViaGen/trellis/modules/sparse/__init__.py	reconviagen_git_tracked
ReconViaGen/trellis/modules/sparse/attention/__init__.py	reconviagen_git_tracked
ReconViaGen/trellis/modules/sparse/attention/full_attn.py	reconviagen_git_tracked
ReconViaGen/trellis/modules/sparse/attention/modules.py	reconviagen_git_tracked
ReconViaGen/trellis/modules/sparse/attention/serialized_attn.py	reconviagen_git_tracked
ReconViaGen/trellis/modules/sparse/attention/windowed_attn.py	reconviagen_git_tracked
ReconViaGen/trellis/modules/sparse/basic.py	reconviagen_git_tracked
ReconViaGen/trellis/modules/sparse/conv/__init__.py	reconviagen_git_tracked
ReconViaGen/trellis/modules/sparse/conv/conv_spconv.py	reconviagen_git_tracked
ReconViaGen/trellis/modules/sparse/conv/conv_torchsparse.py	reconviagen_git_tracked
ReconViaGen/trellis/modules/sparse/linear.py	reconviagen_git_tracked
ReconViaGen/trellis/modules/sparse/nonlinearity.py	reconviagen_git_tracked
ReconViaGen/trellis/modules/sparse/norm.py	reconviagen_git_tracked
ReconViaGen/trellis/modules/sparse/spatial.py	reconviagen_git_tracked
ReconViaGen/trellis/modules/sparse/transformer/__init__.py	reconviagen_git_tracked
ReconViaGen/trellis/modules/sparse/transformer/blocks.py	reconviagen_git_tracked
ReconViaGen/trellis/modules/sparse/transformer/modulated.py	reconviagen_git_tracked
ReconViaGen/trellis/modules/spatial.py	reconviagen_git_tracked
ReconViaGen/trellis/modules/transformer/__init__.py	reconviagen_git_tracked
ReconViaGen/trellis/modules/transformer/blocks.py	reconviagen_git_tracked
ReconViaGen/trellis/modules/transformer/modulated.py	reconviagen_git_tracked
ReconViaGen/trellis/modules/utils.py	reconviagen_git_tracked
ReconViaGen/trellis/pipelines/__init__.py	reconviagen_git_tracked
ReconViaGen/trellis/pipelines/base.py	reconviagen_git_tracked
ReconViaGen/trellis/pipelines/samplers/__init__.py	reconviagen_git_tracked
ReconViaGen/trellis/pipelines/samplers/base.py	reconviagen_git_tracked
ReconViaGen/trellis/pipelines/samplers/classifier_free_guidance_mixin.py	reconviagen_git_tracked
ReconViaGen/trellis/pipelines/samplers/flow_euler.py	reconviagen_git_tracked
ReconViaGen/trellis/pipelines/samplers/flow_euler_old.py	reconviagen_git_tracked
ReconViaGen/trellis/pipelines/samplers/guidance_interval_mixin.py	reconviagen_git_tracked
ReconViaGen/trellis/pipelines/trellis_image_to_3d.py	reconviagen_git_tracked
ReconViaGen/trellis/renderers/__init__.py	reconviagen_git_tracked
ReconViaGen/trellis/renderers/gaussian_render.py	reconviagen_git_tracked
ReconViaGen/trellis/renderers/gsplat_renderer.py	reconviagen_git_tracked
ReconViaGen/trellis/renderers/mesh_renderer.py	reconviagen_git_tracked
ReconViaGen/trellis/renderers/octree_renderer.py	reconviagen_git_tracked
ReconViaGen/trellis/representations/__init__.py	reconviagen_git_tracked
ReconViaGen/trellis/representations/gaussian/__init__.py	reconviagen_git_tracked
ReconViaGen/trellis/representations/gaussian/gaussian_model.py	reconviagen_git_tracked
ReconViaGen/trellis/representations/gaussian/general_utils.py	reconviagen_git_tracked
ReconViaGen/trellis/representations/mesh/__init__.py	reconviagen_git_tracked
ReconViaGen/trellis/representations/mesh/cube2mesh.py	reconviagen_git_tracked
ReconViaGen/trellis/representations/mesh/flexicube.py	reconviagen_git_tracked
ReconViaGen/trellis/representations/mesh/mc2mesh.py	reconviagen_git_tracked
ReconViaGen/trellis/representations/mesh/tables.py	reconviagen_git_tracked
ReconViaGen/trellis/representations/mesh/utils_cube.py	reconviagen_git_tracked
ReconViaGen/trellis/representations/octree/__init__.py	reconviagen_git_tracked
ReconViaGen/trellis/representations/octree/octree_dfs.py	reconviagen_git_tracked
ReconViaGen/trellis/utils/__init__.py	reconviagen_git_tracked
ReconViaGen/trellis/utils/general_utils.py	reconviagen_git_tracked
ReconViaGen/trellis/utils/loss_utils.py	reconviagen_git_tracked
ReconViaGen/trellis/utils/postprocessing_utils.py	reconviagen_git_tracked
ReconViaGen/trellis/utils/random_utils.py	reconviagen_git_tracked
ReconViaGen/trellis/utils/render_utils.py	reconviagen_git_tracked
ReconViaGen/wheels/vggt/vggt/heads/camera_head.py	reconviagen_git_tracked
ReconViaGen/wheels/vggt/vggt/heads/dpt_head.py	reconviagen_git_tracked
ReconViaGen/wheels/vggt/vggt/heads/head_act.py	reconviagen_git_tracked
ReconViaGen/wheels/vggt/vggt/heads/track_head.py	reconviagen_git_tracked
ReconViaGen/wheels/vggt/vggt/heads/track_modules/__init__.py	reconviagen_git_tracked
ReconViaGen/wheels/vggt/vggt/heads/track_modules/base_track_predictor.py	reconviagen_git_tracked
ReconViaGen/wheels/vggt/vggt/heads/track_modules/blocks.py	reconviagen_git_tracked
ReconViaGen/wheels/vggt/vggt/heads/track_modules/modules.py	reconviagen_git_tracked
ReconViaGen/wheels/vggt/vggt/heads/track_modules/utils.py	reconviagen_git_tracked
ReconViaGen/wheels/vggt/vggt/heads/utils.py	reconviagen_git_tracked
ReconViaGen/wheels/vggt/vggt/layers/__init__.py	reconviagen_git_tracked
ReconViaGen/wheels/vggt/vggt/layers/attention.py	reconviagen_git_tracked
ReconViaGen/wheels/vggt/vggt/layers/block.py	reconviagen_git_tracked
ReconViaGen/wheels/vggt/vggt/layers/drop_path.py	reconviagen_git_tracked
ReconViaGen/wheels/vggt/vggt/layers/layer_scale.py	reconviagen_git_tracked
ReconViaGen/wheels/vggt/vggt/layers/mlp.py	reconviagen_git_tracked
ReconViaGen/wheels/vggt/vggt/layers/patch_embed.py	reconviagen_git_tracked
ReconViaGen/wheels/vggt/vggt/layers/rope.py	reconviagen_git_tracked
ReconViaGen/wheels/vggt/vggt/layers/swiglu_ffn.py	reconviagen_git_tracked
ReconViaGen/wheels/vggt/vggt/layers/vision_transformer.py	reconviagen_git_tracked
ReconViaGen/wheels/vggt/vggt/utils/geometry.py	reconviagen_git_tracked
ReconViaGen/wheels/vggt/vggt/utils/load_fn.py	reconviagen_git_tracked
ReconViaGen/wheels/vggt/vggt/utils/pose_enc.py	reconviagen_git_tracked
ReconViaGen/wheels/vggt/vggt/utils/rotation.py	reconviagen_git_tracked
ReconViaGen/wheels/vggt/vggt/utils/visual_track.py	reconviagen_git_tracked
ReconViaGen/下载ProObjaverse300K精确5K命令_20260813.txt	reconviagen_git_untracked
ReconViaGen/继续下载额外25K并冻结ProObjaverse30K命令_20260813.txt	reconviagen_git_untracked
a72_perf_v1_fix1_testcompat1/Tracker/A72_STRICT_PERF_V1.md	root_git_untracked
a72_perf_v1_fix1_testcompat1/Tracker/A72_STRICT_PERF_V1_FILELIST.txt	root_git_untracked
a72_perf_v1_fix1_testcompat1/Tracker/A72_STRICT_PERF_V1_FIX1.md	root_git_untracked
a72_perf_v1_fix1_testcompat1/Tracker/A72_STRICT_PERF_V1_FIX1_A72_RESULTS.md	root_git_untracked
a72_perf_v1_fix1_testcompat1/Tracker/A72_STRICT_PERF_V1_FIX1_FILELIST.txt	root_git_untracked
a72_perf_v1_fix1_testcompat1/Tracker/A72_STRICT_PERF_V1_FIX1_SOURCE_SHA256.txt	root_git_untracked
a72_perf_v1_fix1_testcompat1/Tracker/A72_STRICT_PERF_V1_FIX1_TESTCOMPAT1_FILELIST.txt	root_git_untracked
a72_perf_v1_fix1_testcompat1/Tracker/A72_STRICT_PERF_V1_FIX1_TESTCOMPAT1_SOURCE_SHA256.txt	root_git_untracked
a72_perf_v1_fix1_testcompat1/Tracker/A72_STRICT_PERF_V1_SOURCE_SHA256.txt	root_git_untracked
a72_perf_v1_fix1_testcompat1/Tracker/ReconViaGen/requirements.txt	root_git_untracked
a72_perf_v1_fix1_testcompat1/Tracker/ReconViaGen/trellis/__init__.py	root_git_untracked
a72_perf_v1_fix1_testcompat1/Tracker/ReconViaGen/trellis/modules/attention/__init__.py	root_git_untracked
a72_perf_v1_fix1_testcompat1/Tracker/ReconViaGen/trellis/modules/attention/full_attn.py	root_git_untracked
a72_perf_v1_fix1_testcompat1/Tracker/ReconViaGen/trellis/modules/attention/modules.py	root_git_untracked
a72_perf_v1_fix1_testcompat1/Tracker/ReconViaGen/trellis/modules/norm.py	root_git_untracked
a72_perf_v1_fix1_testcompat1/Tracker/ReconViaGen/trellis/modules/sparse/__init__.py	root_git_untracked
a72_perf_v1_fix1_testcompat1/Tracker/ReconViaGen/trellis/modules/sparse/attention/__init__.py	root_git_untracked
a72_perf_v1_fix1_testcompat1/Tracker/ReconViaGen/trellis/modules/sparse/attention/full_attn.py	root_git_untracked
a72_perf_v1_fix1_testcompat1/Tracker/ReconViaGen/trellis/modules/sparse/attention/modules.py	root_git_untracked
a72_perf_v1_fix1_testcompat1/Tracker/ReconViaGen/trellis/modules/sparse/attention/serialized_attn.py	root_git_untracked
a72_perf_v1_fix1_testcompat1/Tracker/ReconViaGen/trellis/modules/sparse/attention/windowed_attn.py	root_git_untracked
a72_perf_v1_fix1_testcompat1/Tracker/ReconViaGen/trellis/modules/sparse/basic.py	root_git_untracked
a72_perf_v1_fix1_testcompat1/Tracker/ReconViaGen/trellis/modules/sparse/conv/__init__.py	root_git_untracked
a72_perf_v1_fix1_testcompat1/Tracker/ReconViaGen/trellis/modules/sparse/conv/conv_spconv.py	root_git_untracked
a72_perf_v1_fix1_testcompat1/Tracker/ReconViaGen/trellis/modules/sparse/conv/conv_torchsparse.py	root_git_untracked
a72_perf_v1_fix1_testcompat1/Tracker/ReconViaGen/trellis/modules/sparse/linear.py	root_git_untracked
a72_perf_v1_fix1_testcompat1/Tracker/ReconViaGen/trellis/modules/sparse/nonlinearity.py	root_git_untracked
a72_perf_v1_fix1_testcompat1/Tracker/ReconViaGen/trellis/modules/sparse/norm.py	root_git_untracked
a72_perf_v1_fix1_testcompat1/Tracker/ReconViaGen/trellis/modules/sparse/spatial.py	root_git_untracked
a72_perf_v1_fix1_testcompat1/Tracker/ReconViaGen/trellis/modules/sparse/transformer/__init__.py	root_git_untracked
a72_perf_v1_fix1_testcompat1/Tracker/ReconViaGen/trellis/modules/sparse/transformer/blocks.py	root_git_untracked
a72_perf_v1_fix1_testcompat1/Tracker/ReconViaGen/trellis/modules/sparse/transformer/modulated.py	root_git_untracked
a72_perf_v1_fix1_testcompat1/Tracker/ReconViaGen/trellis/modules/spatial.py	root_git_untracked
a72_perf_v1_fix1_testcompat1/Tracker/ReconViaGen/trellis/modules/transformer/__init__.py	root_git_untracked
a72_perf_v1_fix1_testcompat1/Tracker/ReconViaGen/trellis/modules/transformer/blocks.py	root_git_untracked
a72_perf_v1_fix1_testcompat1/Tracker/ReconViaGen/trellis/modules/transformer/modulated.py	root_git_untracked
a72_perf_v1_fix1_testcompat1/Tracker/ReconViaGen/trellis/modules/utils.py	root_git_untracked
a72_perf_v1_fix1_testcompat1/Tracker/ReconViaGen/trellis/pipelines/__init__.py	root_git_untracked
a72_perf_v1_fix1_testcompat1/Tracker/ReconViaGen/trellis/pipelines/base.py	root_git_untracked
a72_perf_v1_fix1_testcompat1/Tracker/ReconViaGen/trellis/pipelines/samplers/__init__.py	root_git_untracked
a72_perf_v1_fix1_testcompat1/Tracker/ReconViaGen/trellis/pipelines/samplers/base.py	root_git_untracked
a72_perf_v1_fix1_testcompat1/Tracker/ReconViaGen/trellis/pipelines/samplers/classifier_free_guidance_mixin.py	root_git_untracked
a72_perf_v1_fix1_testcompat1/Tracker/ReconViaGen/trellis/pipelines/samplers/flow_euler.py	root_git_untracked
a72_perf_v1_fix1_testcompat1/Tracker/ReconViaGen/trellis/pipelines/samplers/flow_euler_old.py	root_git_untracked
a72_perf_v1_fix1_testcompat1/Tracker/ReconViaGen/trellis/pipelines/samplers/guidance_interval_mixin.py	root_git_untracked
a72_perf_v1_fix1_testcompat1/Tracker/ReconViaGen/trellis/pipelines/trellis_image_to_3d.py	root_git_untracked
a72_perf_v1_fix1_testcompat1/Tracker/ReconViaGen/trellis/renderers/__init__.py	root_git_untracked
a72_perf_v1_fix1_testcompat1/Tracker/ReconViaGen/trellis/renderers/gaussian_render.py	root_git_untracked
a72_perf_v1_fix1_testcompat1/Tracker/ReconViaGen/trellis/renderers/gsplat_renderer.py	root_git_untracked
a72_perf_v1_fix1_testcompat1/Tracker/ReconViaGen/trellis/renderers/mesh_renderer.py	root_git_untracked
a72_perf_v1_fix1_testcompat1/Tracker/ReconViaGen/trellis/renderers/octree_renderer.py	root_git_untracked
a72_perf_v1_fix1_testcompat1/Tracker/ReconViaGen/trellis/representations/__init__.py	root_git_untracked
a72_perf_v1_fix1_testcompat1/Tracker/ReconViaGen/trellis/representations/gaussian/__init__.py	root_git_untracked
a72_perf_v1_fix1_testcompat1/Tracker/ReconViaGen/trellis/representations/gaussian/gaussian_model.py	root_git_untracked
a72_perf_v1_fix1_testcompat1/Tracker/ReconViaGen/trellis/representations/gaussian/general_utils.py	root_git_untracked
a72_perf_v1_fix1_testcompat1/Tracker/ReconViaGen/trellis/representations/mesh/__init__.py	root_git_untracked
a72_perf_v1_fix1_testcompat1/Tracker/ReconViaGen/trellis/representations/mesh/cube2mesh.py	root_git_untracked
a72_perf_v1_fix1_testcompat1/Tracker/ReconViaGen/trellis/representations/mesh/flexicube.py	root_git_untracked
a72_perf_v1_fix1_testcompat1/Tracker/ReconViaGen/trellis/representations/mesh/mc2mesh.py	root_git_untracked
a72_perf_v1_fix1_testcompat1/Tracker/ReconViaGen/trellis/representations/mesh/tables.py	root_git_untracked
a72_perf_v1_fix1_testcompat1/Tracker/ReconViaGen/trellis/representations/mesh/utils_cube.py	root_git_untracked
a72_perf_v1_fix1_testcompat1/Tracker/ReconViaGen/trellis/representations/octree/__init__.py	root_git_untracked
a72_perf_v1_fix1_testcompat1/Tracker/ReconViaGen/trellis/representations/octree/octree_dfs.py	root_git_untracked
a72_perf_v1_fix1_testcompat1/Tracker/ReconViaGen/trellis/utils/__init__.py	root_git_untracked
a72_perf_v1_fix1_testcompat1/Tracker/ReconViaGen/trellis/utils/general_utils.py	root_git_untracked
a72_perf_v1_fix1_testcompat1/Tracker/ReconViaGen/trellis/utils/loss_utils.py	root_git_untracked
a72_perf_v1_fix1_testcompat1/Tracker/ReconViaGen/trellis/utils/postprocessing_utils.py	root_git_untracked
a72_perf_v1_fix1_testcompat1/Tracker/ReconViaGen/trellis/utils/random_utils.py	root_git_untracked
a72_perf_v1_fix1_testcompat1/Tracker/ReconViaGen/trellis/utils/render_utils.py	root_git_untracked
a72_perf_v1_fix1_testcompat1/Tracker/ReconViaGen/wheels/vggt/vggt/heads/camera_head.py	root_git_untracked
a72_perf_v1_fix1_testcompat1/Tracker/ReconViaGen/wheels/vggt/vggt/heads/dpt_head.py	root_git_untracked
a72_perf_v1_fix1_testcompat1/Tracker/ReconViaGen/wheels/vggt/vggt/heads/head_act.py	root_git_untracked
a72_perf_v1_fix1_testcompat1/Tracker/ReconViaGen/wheels/vggt/vggt/heads/track_head.py	root_git_untracked
a72_perf_v1_fix1_testcompat1/Tracker/ReconViaGen/wheels/vggt/vggt/heads/track_modules/__init__.py	root_git_untracked
a72_perf_v1_fix1_testcompat1/Tracker/ReconViaGen/wheels/vggt/vggt/heads/track_modules/base_track_predictor.py	root_git_untracked
a72_perf_v1_fix1_testcompat1/Tracker/ReconViaGen/wheels/vggt/vggt/heads/track_modules/blocks.py	root_git_untracked
a72_perf_v1_fix1_testcompat1/Tracker/ReconViaGen/wheels/vggt/vggt/heads/track_modules/modules.py	root_git_untracked
a72_perf_v1_fix1_testcompat1/Tracker/ReconViaGen/wheels/vggt/vggt/heads/track_modules/utils.py	root_git_untracked
a72_perf_v1_fix1_testcompat1/Tracker/ReconViaGen/wheels/vggt/vggt/heads/utils.py	root_git_untracked
a72_perf_v1_fix1_testcompat1/Tracker/ReconViaGen/wheels/vggt/vggt/layers/__init__.py	root_git_untracked
a72_perf_v1_fix1_testcompat1/Tracker/ReconViaGen/wheels/vggt/vggt/layers/attention.py	root_git_untracked
a72_perf_v1_fix1_testcompat1/Tracker/ReconViaGen/wheels/vggt/vggt/layers/block.py	root_git_untracked
a72_perf_v1_fix1_testcompat1/Tracker/ReconViaGen/wheels/vggt/vggt/layers/drop_path.py	root_git_untracked
a72_perf_v1_fix1_testcompat1/Tracker/ReconViaGen/wheels/vggt/vggt/layers/layer_scale.py	root_git_untracked
a72_perf_v1_fix1_testcompat1/Tracker/ReconViaGen/wheels/vggt/vggt/layers/mlp.py	root_git_untracked
a72_perf_v1_fix1_testcompat1/Tracker/ReconViaGen/wheels/vggt/vggt/layers/patch_embed.py	root_git_untracked
a72_perf_v1_fix1_testcompat1/Tracker/ReconViaGen/wheels/vggt/vggt/layers/rope.py	root_git_untracked
a72_perf_v1_fix1_testcompat1/Tracker/ReconViaGen/wheels/vggt/vggt/layers/swiglu_ffn.py	root_git_untracked
a72_perf_v1_fix1_testcompat1/Tracker/ReconViaGen/wheels/vggt/vggt/layers/vision_transformer.py	root_git_untracked
a72_perf_v1_fix1_testcompat1/Tracker/ReconViaGen/wheels/vggt/vggt/utils/geometry.py	root_git_untracked
a72_perf_v1_fix1_testcompat1/Tracker/ReconViaGen/wheels/vggt/vggt/utils/load_fn.py	root_git_untracked
a72_perf_v1_fix1_testcompat1/Tracker/ReconViaGen/wheels/vggt/vggt/utils/pose_enc.py	root_git_untracked
a72_perf_v1_fix1_testcompat1/Tracker/ReconViaGen/wheels/vggt/vggt/utils/rotation.py	root_git_untracked
a72_perf_v1_fix1_testcompat1/Tracker/ReconViaGen/wheels/vggt/vggt/utils/visual_track.py	root_git_untracked
a72_perf_v1_fix1_testcompat1/Tracker/ar_ss_flow/__init__.py	root_git_untracked
a72_perf_v1_fix1_testcompat1/Tracker/ar_ss_flow/correspondence_lifting.py	root_git_untracked
a72_perf_v1_fix1_testcompat1/Tracker/ar_ss_flow/local_pose_lifting_flow.py	root_git_untracked
a72_perf_v1_fix1_testcompat1/Tracker/ar_ss_flow/pose_lifting.py	root_git_untracked
a72_perf_v1_fix1_testcompat1/Tracker/ar_ss_flow/shared_object_preprocessing.py	root_git_untracked
a72_perf_v1_fix1_testcompat1/Tracker/pose_point_depth_mv/__init__.py	root_git_untracked
a72_perf_v1_fix1_testcompat1/Tracker/pose_point_depth_mv/a72_ddp_cpu_lifting_cuda_smoke.py	root_git_untracked
a72_perf_v1_fix1_testcompat1/Tracker/pose_point_depth_mv/audit_proobjaverse_official_slat_decoder.py	root_git_untracked
a72_perf_v1_fix1_testcompat1/Tracker/pose_point_depth_mv/correspondence_head.py	root_git_untracked
a72_perf_v1_fix1_testcompat1/Tracker/pose_point_depth_mv/dino_only_condition.py	root_git_untracked
a72_perf_v1_fix1_testcompat1/Tracker/pose_point_depth_mv/direct_flow.py	root_git_untracked
a72_perf_v1_fix1_testcompat1/Tracker/pose_point_depth_mv/direct_slat_data.py	root_git_untracked
a72_perf_v1_fix1_testcompat1/Tracker/pose_point_depth_mv/direct_slat_flow.py	root_git_untracked
a72_perf_v1_fix1_testcompat1/Tracker/pose_point_depth_mv/eval_direct_flow.py	root_git_untracked
a72_perf_v1_fix1_testcompat1/Tracker/pose_point_depth_mv/evaluate_native_ss_genrecon.py	root_git_untracked
a72_perf_v1_fix1_testcompat1/Tracker/pose_point_depth_mv/evaluate_native_ss_stock_slat_mesh.py	root_git_untracked
a72_perf_v1_fix1_testcompat1/Tracker/pose_point_depth_mv/export_direct_flow_mesh_pairs.py	root_git_untracked
a72_perf_v1_fix1_testcompat1/Tracker/pose_point_depth_mv/native_3d_condition.py	root_git_untracked
a72_perf_v1_fix1_testcompat1/Tracker/pose_point_depth_mv/native_slat_genrecon.py	root_git_untracked
a72_perf_v1_fix1_testcompat1/Tracker/pose_point_depth_mv/native_slat_genrecon_no_vggt.py	root_git_untracked
a72_perf_v1_fix1_testcompat1/Tracker/pose_point_depth_mv/native_slat_genrecon_v2.py	root_git_untracked
a72_perf_v1_fix1_testcompat1/Tracker/pose_point_depth_mv/native_ss_genrecon.py	root_git_untracked
a72_perf_v1_fix1_testcompat1/Tracker/pose_point_depth_mv/native_ss_genrecon_no_vggt.py	root_git_untracked
a72_perf_v1_fix1_testcompat1/Tracker/pose_point_depth_mv/no_vggt_ss_evidence.py	root_git_untracked
a72_perf_v1_fix1_testcompat1/Tracker/pose_point_depth_mv/omni_real_benchmark_common.py	root_git_untracked
a72_perf_v1_fix1_testcompat1/Tracker/pose_point_depth_mv/preflight_proobjaverse_official_slat_resume.py	root_git_untracked
a72_perf_v1_fix1_testcompat1/Tracker/pose_point_depth_mv/prepare_direct_flow_mesh_protocol.py	root_git_untracked
a72_perf_v1_fix1_testcompat1/Tracker/pose_point_depth_mv/proobjaverse_official_slat_protocol.py	root_git_untracked
a72_perf_v1_fix1_testcompat1/Tracker/pose_point_depth_mv/proobjaverse_official_slat_training.py	root_git_untracked
a72_perf_v1_fix1_testcompat1/Tracker/pose_point_depth_mv/summarize_a72_slat_perf.py	root_git_untracked
a72_perf_v1_fix1_testcompat1/Tracker/pose_point_depth_mv/test_a72_ddp_cpu_lifting_contract.py	root_git_untracked
a72_perf_v1_fix1_testcompat1/Tracker/pose_point_depth_mv/test_a72_strict_perf_runtime.py	root_git_untracked
a72_perf_v1_fix1_testcompat1/Tracker/pose_point_depth_mv/test_native_slat_resume_data_identity.py	root_git_untracked
a72_perf_v1_fix1_testcompat1/Tracker/pose_point_depth_mv/test_native_ss_deployment_relocation.py	root_git_untracked
a72_perf_v1_fix1_testcompat1/Tracker/pose_point_depth_mv/train_direct_flow.py	root_git_untracked
a72_perf_v1_fix1_testcompat1/Tracker/pose_point_depth_mv/train_direct_slat_flow.py	root_git_untracked
a72_perf_v1_fix1_testcompat1/Tracker/pose_point_depth_mv/train_native_slat_genrecon.py	root_git_untracked
a72_perf_v1_fix1_testcompat1/Tracker/pose_point_depth_mv/train_native_slat_genrecon_no_vggt.py	root_git_untracked
a72_perf_v1_fix1_testcompat1/Tracker/pose_point_depth_mv/train_proobjaverse_official_slat_condition_lora.py	root_git_untracked
a72_perf_v1_fix1_testcompat1/Tracker/pose_point_depth_mv/view_identity_lifting.py	root_git_untracked
a72_perf_v1_fix1_testcompat1/Tracker/reconvggt_ar_adapter_a/__init__.py	root_git_untracked
a72_perf_v1_fix1_testcompat1/Tracker/reconvggt_ar_adapter_a/inspect_and_sanity.py	root_git_untracked
a72_perf_v1_fix1_testcompat1/Tracker/reconvggt_ar_adapter_a/pointpose_ss_condition.py	root_git_untracked
a72_perf_v1_fix1_testcompat1/Tracker/reconvggt_ar_adapter_a/token_adapter.py	root_git_untracked
a72_perf_v1_fix1_testcompat1/Tracker/reconvggt_ar_adapter_a/train_pointpose_ss_lora.py	root_git_untracked
a72_perf_v1_fix1_testcompat1/Tracker/run_a72_slat_perf_resume.sh	root_git_untracked
a72_perf_v1_fix1_testcompat1/Tracker/trellis_point_prior_mv/__init__.py	root_git_untracked
a72_perf_v1_fix1_testcompat1/Tracker/trellis_point_prior_mv/common.py	root_git_untracked
ar_pose_trellis/.gitignore	root_git_tracked
ar_pose_trellis/OBJAVERSE_SMOKE.md	root_git_tracked
ar_pose_trellis/__init__.py	root_git_tracked
ar_pose_trellis/benchmark/README.md	root_git_tracked
ar_pose_trellis/benchmark/__init__.py	root_git_tracked
ar_pose_trellis/benchmark/compare_with_reconviagen.py	root_git_tracked
ar_pose_trellis/benchmark/evaluate_meshes.py	root_git_tracked
ar_pose_trellis/benchmark/evaluate_sparse_pose_ablation.py	root_git_tracked
ar_pose_trellis/benchmark/export_objaverse_holdout_cases.py	root_git_tracked
ar_pose_trellis/benchmark/run_arpose_batch.py	root_git_tracked
ar_pose_trellis/benchmark/run_reconviagen_batch.py	root_git_tracked
ar_pose_trellis/benchmark/run_reconviagen_multiview.py	root_git_tracked
ar_pose_trellis/benchmark/testsets.json	root_git_tracked
ar_pose_trellis/benchmark/visual_hull_pose_ablation.py	root_git_tracked
ar_pose_trellis/camera.py	root_git_tracked
ar_pose_trellis/coarse_dataset_to_ar_manifest.py	root_git_tracked
ar_pose_trellis/condition.py	root_git_tracked
ar_pose_trellis/dataset_tools/README.md	root_git_tracked
ar_pose_trellis/dataset_tools/build_objaverse_pose_data.py	root_git_tracked
ar_pose_trellis/dataset_tools/download_objaverse.py	root_git_tracked
ar_pose_trellis/dataset_tools/download_omniobject3d.py	root_git_tracked
ar_pose_trellis/dataset_tools/download_omniobject3d_filewise.py	root_git_untracked
ar_pose_trellis/dataset_tools/prepare_mixed_mesh10k_sources.py	root_git_untracked
ar_pose_trellis/dataset_tools/validate_objaverse_pose_data.py	root_git_tracked
ar_pose_trellis/diagnose_projected_sparse_alignment.py	root_git_tracked
ar_pose_trellis/docs/AR投影稀疏条件PixalV9阶段报告.md	root_git_tracked
ar_pose_trellis/evaluate_projected_sparse_pixal_manifest.py	root_git_tracked
ar_pose_trellis/generate_ar_pose_mesh.py	root_git_tracked
ar_pose_trellis/objaverse_pose_dataset.py	root_git_tracked
ar_pose_trellis/pipeline.py	root_git_tracked
ar_pose_trellis/projected_condition.py	root_git_tracked
ar_pose_trellis/scripts/run_good_mesh_visual_hull_coords_sweep.sh	root_git_tracked
ar_pose_trellis/scripts/run_good_mesh_visual_hull_sweep.sh	root_git_tracked
ar_pose_trellis/scripts/run_pose_condition_experiments.py	root_git_tracked
ar_pose_trellis/scripts/run_projected_pixal_v9_stage1.sh	root_git_tracked
ar_pose_trellis/scripts/train_artraj_s2_e4_v2.sh	root_git_tracked
ar_pose_trellis/test_manifests/GOOD_MESH_TEST_arpose.json	root_git_tracked
ar_pose_trellis/train_ss_ar_pose.py	root_git_tracked
ar_pose_trellis/train_ss_ar_pose_smoke.py	root_git_tracked
ar_pose_trellis/visual_hull.py	root_git_tracked
ar_ss_flow/AR_SS_Flow_correspondence_experiment_log_2026-07-14.md	root_git_untracked
ar_ss_flow/C1_pairwise_v3_1_C1_5完整命令.txt	root_git_untracked
ar_ss_flow/C1_pairwise_v3_2_local_confidence完整命令.txt	root_git_untracked
ar_ss_flow/C1_pairwise_v3_3_percentile_gate完整命令.txt	root_git_untracked
ar_ss_flow/C1_pairwise_v3_4_multiscale_region_gate完整命令.txt	root_git_untracked
ar_ss_flow/C1_pairwise_v3_5_object_scalar_gate完整命令.txt	root_git_untracked
ar_ss_flow/C1_pairwise_v3_6_object_selfref_gate完整命令.txt	root_git_untracked
ar_ss_flow/C1_pairwise_v3_后续完整命令.txt	root_git_untracked
ar_ss_flow/C2_object_gated_pose_lifting完整命令.txt	root_git_untracked
ar_ss_flow/__init__.py	root_git_tracked
ar_ss_flow/audit_cached_stock_condition.py	root_git_untracked
ar_ss_flow/audit_lifting_separability.py	root_git_untracked
ar_ss_flow/audit_object_frame_sim3.py	root_git_untracked
ar_ss_flow/audit_pair_feature_training_run.py	root_git_untracked
ar_ss_flow/audit_pairwise_deployment_confidence.py	root_git_untracked
ar_ss_flow/audit_pairwise_local_deployment.py	root_git_untracked
ar_ss_flow/audit_pairwise_object_selfref.py	root_git_untracked
ar_ss_flow/audit_pose_lifting_cache.py	root_git_untracked
ar_ss_flow/build_pose_lifting_cache.py	root_git_tracked
ar_ss_flow/correspondence_gated_flow.py	root_git_untracked
ar_ss_flow/correspondence_lifting.py	root_git_tracked
ar_ss_flow/diagnose_multiscale_region_gate.py	root_git_untracked
ar_ss_flow/eval_correspondence_gated_ss_flow.py	root_git_untracked
ar_ss_flow/eval_heldout_correspondence.py	root_git_untracked
ar_ss_flow/eval_local_pose_lifting_ss_flow.py	root_git_untracked
ar_ss_flow/eval_object_gated_pose_lifting_c2.py	root_git_untracked
ar_ss_flow/eval_pair_feature_ss_flow.py	root_git_untracked
ar_ss_flow/eval_pairwise_ablation.py	root_git_untracked
ar_ss_flow/heldout_correspondence_鍛戒护璇存槑.txt	root_git_untracked
ar_ss_flow/local_pose_lifting_flow.py	root_git_tracked
ar_ss_flow/object_frame.py	root_git_untracked
ar_ss_flow/object_gate_c2.py	root_git_untracked
ar_ss_flow/pair_feature_ss_flow.py	root_git_untracked
ar_ss_flow/pairwise_local_confidence.py	root_git_untracked
ar_ss_flow/pairwise_multiscale_region_gate.py	root_git_untracked
ar_ss_flow/pairwise_object_scalar_gate.py	root_git_untracked
ar_ss_flow/pairwise_object_selfref_gate.py	root_git_untracked
ar_ss_flow/pairwise_percentile_gate.py	root_git_untracked
ar_ss_flow/pose_lifting.py	root_git_tracked
ar_ss_flow/pose_lifting主线.txt	root_git_untracked
ar_ss_flow/shared_object_preprocessing.py	root_git_tracked
ar_ss_flow/sparse_anchor评估.txt	root_git_untracked
ar_ss_flow/summarize_heldout_correspondence.py	root_git_untracked
ar_ss_flow/summarize_object_frame_sim3.py	root_git_untracked
ar_ss_flow/summarize_pair_feature_multiseed.py	root_git_untracked
ar_ss_flow/summarize_pairwise_ablation.py	root_git_untracked
ar_ss_flow/summarize_pairwise_deployment_calibration.py	root_git_untracked
ar_ss_flow/summarize_pairwise_deployment_multiseed.py	root_git_untracked
ar_ss_flow/summarize_pairwise_local_calibration.py	root_git_untracked
ar_ss_flow/summarize_pairwise_local_multiseed.py	root_git_untracked
ar_ss_flow/summarize_pairwise_multiscale_region_gate.py	root_git_untracked
ar_ss_flow/summarize_pairwise_multiscale_region_multiseed.py	root_git_untracked
ar_ss_flow/summarize_pairwise_object_scalar_gate.py	root_git_untracked
ar_ss_flow/summarize_pairwise_object_scalar_multiseed.py	root_git_untracked
ar_ss_flow/summarize_pairwise_object_selfref_gate.py	root_git_untracked
ar_ss_flow/summarize_pairwise_object_selfref_multiseed.py	root_git_untracked
ar_ss_flow/summarize_pairwise_percentile_gate.py	root_git_untracked
ar_ss_flow/summarize_pairwise_percentile_multiseed.py	root_git_untracked
ar_ss_flow/summarize_pairwise_v3_multiseed.py	root_git_untracked
ar_ss_flow/summarize_pose_lifting_multiseed.py	root_git_untracked
ar_ss_flow/test_audit_pose_lifting_cache.py	root_git_untracked
ar_ss_flow/test_correspondence_lifting.py	root_git_untracked
ar_ss_flow/test_object_gate_c2.py	root_git_untracked
ar_ss_flow/test_pair_feature_ss_flow.py	root_git_untracked
ar_ss_flow/test_pairwise_deployment_calibration.py	root_git_untracked
ar_ss_flow/test_pairwise_local_confidence.py	root_git_untracked
ar_ss_flow/test_pairwise_multiscale_region_gate.py	root_git_untracked
ar_ss_flow/test_pairwise_object_scalar_gate.py	root_git_untracked
ar_ss_flow/test_pairwise_object_selfref_gate.py	root_git_untracked
ar_ss_flow/test_pairwise_percentile_gate.py	root_git_untracked
ar_ss_flow/test_pose_lifting.py	root_git_untracked
ar_ss_flow/train_correspondence_gated_ss_flow.py	root_git_untracked
ar_ss_flow/train_heldout_correspondence.py	root_git_untracked
ar_ss_flow/train_local_pose_lifting_ss_flow.py	root_git_untracked
ar_ss_flow/train_object_gated_pose_lifting_c2.py	root_git_untracked
ar_ss_flow/train_pair_feature_ss_flow.py	root_git_untracked
ar_ss_flow/命令说明.txt	root_git_untracked
ar_ss_flow/实验结果.md	root_git_untracked
official_slat_with_vggt_perf_v1/BUILD_AUDIT_20260816.md	root_git_untracked
official_slat_with_vggt_perf_v1/README.md	root_git_untracked
official_slat_with_vggt_perf_v1/__init__.py	root_git_untracked
official_slat_with_vggt_perf_v1/audit_cache_light.py	root_git_untracked
official_slat_with_vggt_perf_v1/dataset.py	root_git_untracked
official_slat_with_vggt_perf_v1/preflight_runtime.py	root_git_untracked
official_slat_with_vggt_perf_v1/run_source_train15k.sh	root_git_untracked
official_slat_with_vggt_perf_v1/runtime.py	root_git_untracked
official_slat_with_vggt_perf_v1/source_server_env.sh	root_git_untracked
official_slat_with_vggt_perf_v1/test_runtime.py	root_git_untracked
official_slat_with_vggt_perf_v1/train.py	root_git_untracked
official_slat_with_vggt_perf_v1/train_proobjaverse_official.py	root_git_untracked
official_slat_with_vggt_perf_v1/源服务器3090八卡构建训练与性能Smoke命令_20260816.txt	root_git_untracked
pixal3d_multiview/.gitignore	root_git_tracked
pixal3d_multiview/README.md	root_git_tracked
pixal3d_multiview/__init__.py	root_git_tracked
pixal3d_multiview/condition_utils.py	root_git_tracked
pixal3d_multiview/dataset_tools/blender_pbr_render_multiview.py	root_git_tracked
pixal3d_multiview/dataset_tools/build_objaverse_multiview_sparse_data.py	root_git_tracked
pixal3d_multiview/dataset_tools/check_multiview_sparse_data_quality.py	root_git_tracked
pixal3d_multiview/dataset_tools/finalize_mixed_multiview_10k.py	root_git_untracked
pixal3d_multiview/dataset_tools/repair_object_level_ss_dataset.py	root_git_tracked
pixal3d_multiview/dataset_tools/run_mixed_multiview_render_worker.py	root_git_untracked
pixal3d_multiview/dataset_tools/validate_multiview_sparse_data.py	root_git_tracked
pixal3d_multiview/diagnose_pose_condition.py	root_git_tracked
pixal3d_multiview/eval_condition_adapter_stats.py	root_git_tracked
pixal3d_multiview/eval_condition_view_consistency.py	root_git_tracked
pixal3d_multiview/eval_fixed_train_loss.py	root_git_tracked
pixal3d_multiview/eval_geometry_only_baseline.py	root_git_tracked
pixal3d_multiview/eval_native_pixal3d_sparse_compare.py	root_git_tracked
pixal3d_multiview/eval_pose_consistency_head.py	root_git_tracked
pixal3d_multiview/eval_pose_head_reranker.py	root_git_tracked
pixal3d_multiview/eval_sparse_checkpoint_sweep.py	root_git_tracked
pixal3d_multiview/eval_sparse_sampling_batch.py	root_git_tracked
pixal3d_multiview/eval_sparse_visual_hull_filter.py	root_git_tracked
pixal3d_multiview/eval_visible_match_gate_prior.py	root_git_tracked
pixal3d_multiview/geometry_adapter.py	root_git_tracked
pixal3d_multiview/multiview_projection.py	root_git_tracked
pixal3d_multiview/pipeline.py	root_git_tracked
pixal3d_multiview/pose_consistency_head.py	root_git_tracked
pixal3d_multiview/projection_alignment_head.py	root_git_tracked
pixal3d_multiview/run_multiview.py	root_git_tracked
pixal3d_multiview/sample_sparse_checkpoint.py	root_git_tracked
pixal3d_multiview/scripts/eval_geometry_adapter_from_s900.sh	root_git_tracked
pixal3d_multiview/scripts/eval_stage1_proj_from_s900.sh	root_git_tracked
pixal3d_multiview/scripts/run_geometry_adapter_train_eval.sh	root_git_tracked
pixal3d_multiview/scripts/run_native_pixal3d_sparse_compare.sh	root_git_tracked
pixal3d_multiview/scripts/run_pose_consistency_head_train_eval.sh	root_git_tracked
pixal3d_multiview/scripts/run_pose_head_reranker_eval.sh	root_git_tracked
pixal3d_multiview/scripts/run_pose_ranking_train_eval.sh	root_git_tracked
pixal3d_multiview/scripts/run_projection_alignment_head_train_eval.sh	root_git_tracked
pixal3d_multiview/scripts/run_projection_fallback_ablation.sh	root_git_tracked
pixal3d_multiview/scripts/run_view_gated_geom_mode_train_eval.sh	root_git_tracked
pixal3d_multiview/scripts/run_voxel_feature_ablation.sh	root_git_tracked
pixal3d_multiview/scripts/run_voxel_geometry_split_ablation.sh	root_git_tracked
pixal3d_multiview/scripts/train_geometry_adapter_from_s900.sh	root_git_tracked
pixal3d_multiview/sparse_condition.py	root_git_tracked
pixal3d_multiview/train_pose_consistency_head.py	root_git_tracked
pixal3d_multiview/train_projection_alignment_head.py	root_git_tracked
pixal3d_multiview/train_sparse_multiview.py	root_git_tracked
pixal3d_multiview/train_target_aware_diagnostic_head.py	root_git_tracked
pixal3d_multiview/train_voxel_feature_diagnostic_head.py	root_git_tracked
pixal3d_multiview/view_aggregator.py	root_git_tracked
pose_point_depth_mv/AR817全96帧COLMAP高质量重建命令_20260811.txt	root_git_untracked
pose_point_depth_mv/AR817离线COLMAP与ARPose同输入配对诊断命令_20260810.txt	root_git_untracked
pose_point_depth_mv/ARPointCloud真实物体重新采集命令_20260810.txt	root_git_untracked
pose_point_depth_mv/AutoDL_D74_RTX_PRO6000_四卡迁移配置与远程开发指南_20260814.md	root_git_untracked
pose_point_depth_mv/Benchmark32半集去点云PoseMask消融命令_20260810.txt	root_git_untracked
pose_point_depth_mv/Benchmark32最佳2随机2纹理几何与To2w世界投影命令_20260809.txt	root_git_untracked
pose_point_depth_mv/Benchmark32追加随机8组六路并排纹理几何与To2w世界投影命令_20260810.txt	root_git_untracked
pose_point_depth_mv/B阶段Mesh配对导出训练测试命令_20260721.txt	root_git_untracked
pose_point_depth_mv/C0_1_voxel自校准命令说明.txt	root_git_untracked
pose_point_depth_mv/C0_1硬控制损失与泛化分析_20260717.txt	root_git_untracked
pose_point_depth_mv/C0_2a逐体素hard_control训练命令说明.txt	root_git_untracked
pose_point_depth_mv/C0_2b共享可靠性加权训练测试命令说明.txt	root_git_untracked
pose_point_depth_mv/C0_2c前置三项审计命令说明.txt	root_git_untracked
pose_point_depth_mv/C0_correspondence_head命令说明.txt	root_git_untracked
pose_point_depth_mv/C1_0_C1_1_target_enrichment与occupancy_probe命令说明.txt	root_git_untracked
pose_point_depth_mv/C1_0b_C1_1b_matched_budget与direct_occupancy命令说明.txt	root_git_untracked
pose_point_depth_mv/CoarseModel两组真实采集_全视图三模型视频对比命令_20260810.txt	root_git_untracked
pose_point_depth_mv/CoarseModel既有五例_PoseMask无点云推理测试命令_20260810.txt	root_git_untracked
pose_point_depth_mv/CoarseModel真实采集_NoVGGT测试命令_20260810.txt	root_git_untracked
pose_point_depth_mv/Direct_SLAT_v2_utility_Pixal3D训练测试命令_20260728.txt	root_git_untracked
pose_point_depth_mv/Direct_SLAT_v2有界机制训练测试命令_20260727.txt	root_git_untracked
pose_point_depth_mv/Direct_SLAT_v3_S7_step400停止结果分析与后续方案_20260728.md	root_git_untracked
pose_point_depth_mv/Direct_SLAT_v3_rollout_aligned训练测试命令_20260728.txt	root_git_untracked
pose_point_depth_mv/Direct_SLAT_v4_E4四Checkpoint曲线结果分析_20260729.md	root_git_untracked
pose_point_depth_mv/Direct_SLAT_v4_S7_step400结果分析_20260729.md	root_git_untracked
pose_point_depth_mv/Direct_SLAT_v4_rollout_endpoint训练测试命令_20260728.txt	root_git_untracked
pose_point_depth_mv/Direct_SLAT_v4_step200_FreshBlind32正式结果分析_20260729.md	root_git_untracked
pose_point_depth_mv/Direct_SLAT_v4_step200_FreshBlind与四分支诊断命令_20260729.txt	root_git_untracked
pose_point_depth_mv/Direct_SLAT_v4四Checkpoint统一评估命令_20260729.txt	root_git_untracked
pose_point_depth_mv/Direct_SLAT_v5分支预算与Rollout端点排序训练测试命令_20260729.txt	root_git_untracked
pose_point_depth_mv/Direct_SLAT有界残差训练测试命令_20260727.txt	root_git_untracked
pose_point_depth_mv/F39官方30K_noVGGT训练准备与代码交接摘要_20260816.md	root_git_untracked
pose_point_depth_mv/GT_ReconViaGen_Stock_Full同输入6例公共相机渲染命令_20260730.txt	root_git_untracked
pose_point_depth_mv/Holdout64_PoseMask无点云盲态补测命令_20260810.txt	root_git_untracked
pose_point_depth_mv/Holdout64当前模型_vs_ReconViaGen归一化形状评测命令_20260810.txt	root_git_untracked
pose_point_depth_mv/Holdout64最佳2随机2纹理与几何可视化命令_20260809.txt	root_git_untracked
pose_point_depth_mv/Holdout64最佳2随机2纹理几何与To2w世界投影命令_20260809.txt	root_git_untracked
pose_point_depth_mv/Mixed10k_Omni256两卡进度监视与汇总_D7_D8_20260729.txt	root_git_untracked
pose_point_depth_mv/Mixed10k_Omni_OBJ坐标修复后重启命令_20260729.txt	root_git_untracked
pose_point_depth_mv/Mixed10k_安全重启与正式构建命令_20260728.txt	root_git_untracked
pose_point_depth_mv/Mixed10k数据构建思路与当前进度_20260729.md	root_git_untracked
pose_point_depth_mv/Mixed1k现有渲染数据预览与构建分步命令_20260730.txt	root_git_untracked
pose_point_depth_mv/Mixed1k现有渲染数据预览构建与重训重验证路线_20260730.md	root_git_untracked
pose_point_depth_mv/Mixed_noVGGT_SLat_StockCrossAttention首视图2x2实验命令_20260811.txt	root_git_untracked
pose_point_depth_mv/Mixed_noVGGT_SLat正确关闭循环位姿四路消融命令_20260811.txt	root_git_untracked
pose_point_depth_mv/N0_N4_neighborhood_aware_lifting命令说明.txt	root_git_untracked
pose_point_depth_mv/Native3DCondition_G0后逐步复制运行命令_20260731.txt	root_git_untracked
pose_point_depth_mv/Native3DCondition_SS_SLAT重构训练与验证命令_20260730.txt	root_git_untracked
pose_point_depth_mv/NativeNoVGGT_Gaussian纹理Smoke与Benchmark32评测命令_20260809.txt	root_git_untracked
pose_point_depth_mv/NativeSLAT_ObjectiveV2低噪声DecoderTrust训练测试命令_20260813.txt	root_git_untracked
pose_point_depth_mv/NativeSLAT_v2保留VGGT真实500域适配逐步命令_20260804.txt	root_git_untracked
pose_point_depth_mv/NativeSLAT_v2冻结Stock_1k直接训练测试命令_20260802.txt	root_git_tracked
pose_point_depth_mv/NativeSLAT_v2真实500划分与训练前Benchmark32后续命令_20260805.txt	root_git_untracked
pose_point_depth_mv/NativeSLAT_v3去平均学习视图融合训练测试逐步命令_20260803.txt	root_git_untracked
pose_point_depth_mv/NativeSLAT_v4纯PosedDINO3DCondition无LoRA训练测试逐步命令_20260804.txt	root_git_untracked
pose_point_depth_mv/NativeSS_DirectSS_GenReCon重写训练校准测试逐步命令_20260731.txt	root_git_untracked
pose_point_depth_mv/NativeSS_GT_Full_Stock_Pixal3D四路刚体对齐重渲染命令_20260802.txt	root_git_untracked
pose_point_depth_mv/NativeSS_GT_Full_Stock_Pixal3D随机四组无纹理渲染命令_20260802.txt	root_git_untracked
pose_point_depth_mv/NativeSS_Pixal3D_OfficialGenRecon统一量化命令_20260802.txt	root_git_untracked
pose_point_depth_mv/NativeSS_StockSLAT_T1-T4完整实验结果分析_20260802.md	root_git_tracked
pose_point_depth_mv/NativeSS_Stock_Full同集32_Pixal3D_OfficialGenRecon量化命令_20260802.txt	root_git_untracked
pose_point_depth_mv/NativeSS_decoderAware_v3训练与测试逐步命令_20260731.txt	root_git_untracked
pose_point_depth_mv/NativeSS_mixed1k_V0结果分析_20260801.md	root_git_untracked
pose_point_depth_mv/NativeSS_mixed1k_V1-V4结果分析_20260801.md	root_git_untracked
pose_point_depth_mv/NativeSS_mixed1k源均衡长训校准测试逐步命令_20260801.txt	root_git_tracked
pose_point_depth_mv/NativeSS_postCFG_v2训练与测试逐步命令_20260731.txt	root_git_untracked
pose_point_depth_mv/NativeSS_support爆炸与LCR最差3例单卡审计命令_20260815.txt	root_git_untracked
pose_point_depth_mv/NativeSS_v2_D2_step500_EMA_CFG诊断结果分析_20260801.md	root_git_untracked
pose_point_depth_mv/NativeSS_v2_S3_CFG_EMA_Checkpoint诊断逐步命令_20260801.txt	root_git_untracked
pose_point_depth_mv/NativeSS_v2_S3_step500_EMA失败结果分析_20260801.md	root_git_untracked
pose_point_depth_mv/NativeSS_v2统一预处理_EMA训练测试逐步命令_20260731.txt	root_git_tracked
pose_point_depth_mv/NativeSS四路随机补充四组简图与OBJ命令_20260802.txt	root_git_untracked
pose_point_depth_mv/NativeSS接StockSLAT同噪声Mesh传递测试命令_20260802.txt	root_git_untracked
pose_point_depth_mv/Native_noVGGT真实Full迁移混合1244训练测试命令_20260808.txt	root_git_untracked
pose_point_depth_mv/Objaverse16旧Mixed与ReconViaGen_SLat固定SS交换测试命令_20260810.txt	root_git_untracked
pose_point_depth_mv/Objaverse16旧Synthetic1k模型补测与三路联合评测命令_20260810.txt	root_git_untracked
pose_point_depth_mv/Objaverse16补齐ReconViaGen基线与修正联合评测命令_20260810.txt	root_git_untracked
pose_point_depth_mv/Objaverse256_pilot恢复与汇总命令_20260727.txt	root_git_untracked
pose_point_depth_mv/Objaverse29999单物体筛选分步命令_20260730.txt	root_git_untracked
pose_point_depth_mv/Objaverse2K_StockInit_First800八卡加速训练命令_20260812.txt	root_git_untracked
pose_point_depth_mv/Objaverse2K_StockInit_vs_M8Init_Step800八卡训练测试命令_20260812.txt	root_git_untracked
pose_point_depth_mv/Objaverse2K冻结SS四卡Audit64命令_20260811.txt	root_git_untracked
pose_point_depth_mv/Objaverse2K四卡SLat训练测试完整命令_20260811.txt	root_git_untracked
pose_point_depth_mv/Objaverse2K旧数据Train16四卡拟合训练测试命令_20260814.txt	root_git_untracked
pose_point_depth_mv/Objaverse5K剩余半集WideOrbit构建与双根后处理命令_20260811.txt	root_git_untracked
pose_point_depth_mv/Objaverse5K完成Shard并行后处理与DirectDINOOnlyCache命令_20260811.txt	root_git_untracked
pose_point_depth_mv/Objaverse未见对象16组NoVGGT测试命令_20260810.txt	root_git_untracked
pose_point_depth_mv/Objaverse约5K单语义主体分层构建命令_20260810.txt	root_git_untracked
pose_point_depth_mv/Objaverse缺口288补充渲染与语义筛选命令_20260730.txt	root_git_untracked
pose_point_depth_mv/Objaverse补充576完成后D8汇总语义审查与Mixed1k冻结命令_20260730.txt	root_git_untracked
pose_point_depth_mv/OmniHoldout64_ReconViaGen_vs_官方SS2k_SLat15k25k归一化纯Shape比较命令_20260816.txt	root_git_untracked
pose_point_depth_mv/OmniObject3D真实视频Pilot下载与审计命令_20260804.txt	root_git_untracked
pose_point_depth_mv/OmniObject3D真实视频分层抽样审计命令_20260804.txt	root_git_untracked
pose_point_depth_mv/OmniObject3D真实视频实际对象盘点_RawCache_Sim3抽样命令_20260804.txt	root_git_untracked
pose_point_depth_mv/Pixal3D官方FinalGLB修正指标与四路重渲染命令_20260729.txt	root_git_untracked
pose_point_depth_mv/Plant64与手机同合同PoseMask选帧及可选重建命令_20260811.txt	root_git_untracked
pose_point_depth_mv/ProObjaverse官方30K_noVGGT_compact_v2兼容审计与F39_Pilot命令_20260816.txt	root_git_untracked
pose_point_depth_mv/ProObjaverse官方Dev64_NativeSS接StockSLat两卡测试命令_20260814.txt	root_git_untracked
pose_point_depth_mv/ProObjaverse官方NativeSS八卡训练测试命令_20260815.txt	root_git_untracked
pose_point_depth_mv/ProObjaverse官方NativeSS对StrictReconViaGenSS纯Support比较命令_20260816.txt	root_git_untracked
pose_point_depth_mv/ProObjaverse官方SLatTarget_2000组区分实验逐步命令_20260813.txt	root_git_untracked
pose_point_depth_mv/ProObjaverse官方SLat_15k20k25k五卡三组长测命令_20260815.txt	root_git_untracked
pose_point_depth_mv/ProObjaverse官方SLat_Train16_P7双臂结果分析_20260813.md	root_git_untracked
pose_point_depth_mv/ProObjaverse官方SLat_conditionLoRA_Train2000四卡8000步后台训练测试命令_20260813.txt	root_git_untracked
pose_point_depth_mv/ProObjaverse官方SLat_step10000_GT隔离与新NativeSS_Dev48五卡测试命令_20260815.txt	root_git_untracked
pose_point_depth_mv/ProObjaverse官方SLat_step4000续训10000四卡命令_20260814.txt	root_git_untracked
pose_point_depth_mv/ProObjaverse官方SLat_step8000四卡Train64_Dev64测试命令_20260815.txt	root_git_untracked
pose_point_depth_mv/ProObjaverse官方SS2k_SLat25k对StrictReconViaGen_Dev48比较命令_20260816.txt	root_git_untracked
pose_point_depth_mv/ProObjaverse官方Train2000_withVGGT_SLat最小修改设计_20260816.md	root_git_untracked
pose_point_depth_mv/ProObjaverse官方Train2000_withVGGT_SLat构建与Smoke命令_20260816.txt	root_git_untracked
pose_point_depth_mv/ReconViaGen_Stock_Full同输入6例Mesh评估命令_20260730.txt	root_git_untracked
pose_point_depth_mv/SLAT_Flow端到端盲测命令_20260725.txt	root_git_untracked
pose_point_depth_mv/SLAT_Flow训练测试命令_20260722.txt	root_git_untracked
pose_point_depth_mv/Stock2_Full2_ReconViaGen_ProperSim3纯形状补充评测命令_20260810.txt	root_git_untracked
pose_point_depth_mv/__init__.py	root_git_tracked
pose_point_depth_mv/aggregate_direct_slat_runtime_repeat.py	root_git_tracked
pose_point_depth_mv/aggregate_proobjaverse_official_native_ss_eval.py	root_git_untracked
pose_point_depth_mv/aggregate_proobjaverse_official_slat_gt_support.py	root_git_untracked
pose_point_depth_mv/aggregate_proobjaverse_official_ss_slat_vs_reconviagen.py	root_git_untracked
pose_point_depth_mv/analyze_pixal3d_multiview_branch_matrix.py	root_git_untracked
pose_point_depth_mv/ar_mobile_overlay.py	root_git_untracked
pose_point_depth_mv/ar_object_capture.py	root_git_untracked
pose_point_depth_mv/ar_object_reconstruction.py	root_git_untracked
pose_point_depth_mv/audit_c1_matched_budget.py	root_git_untracked
pose_point_depth_mv/audit_c1_target_enrichment.py	root_git_untracked
pose_point_depth_mv/audit_direct_flow_admission.py	root_git_tracked
pose_point_depth_mv/audit_direct_slat_targets.py	root_git_tracked
pose_point_depth_mv/audit_geometry.py	root_git_untracked
pose_point_depth_mv/audit_native_3d_condition_g0.py	root_git_untracked
pose_point_depth_mv/audit_native_v2_runtime_o_compatibility.py	root_git_untracked
pose_point_depth_mv/audit_neighborhood_core_shell.py	root_git_untracked
pose_point_depth_mv/audit_objaverse2k_ss_support.py	root_git_untracked
pose_point_depth_mv/audit_proobjaverse_native_ss_support_lcr_cases.py	root_git_untracked
pose_point_depth_mv/audit_proobjaverse_official_slat_cache_v1_v2.py	root_git_untracked
pose_point_depth_mv/audit_proobjaverse_official_slat_decoder.py	root_git_untracked
pose_point_depth_mv/audit_proobjaverse_official_slat_with_vggt_cache.py	root_git_untracked
pose_point_depth_mv/audit_view_identity_lifting.py	root_git_untracked
pose_point_depth_mv/audit_voxel_dynamics_depth_strata.py	root_git_untracked
pose_point_depth_mv/background_jobs/launch_detached.sh	root_git_untracked
pose_point_depth_mv/background_jobs/prepare_mixed_no_vggt_slat_data.sh	root_git_untracked
pose_point_depth_mv/background_jobs/prepare_mixed_no_vggt_ss_data.sh	root_git_untracked
pose_point_depth_mv/background_jobs/prepare_objaverse2k_no_vggt_slat_4gpu.sh	root_git_untracked
pose_point_depth_mv/background_jobs/resume_no_vggt_f7_cache.sh	root_git_untracked
pose_point_depth_mv/background_jobs/resume_official_dev64_native_ss_stock_slat_shard0_safe.sh	root_git_untracked
pose_point_depth_mv/background_jobs/resume_official_dev64_native_ss_stock_slat_shard1_safe.sh	root_git_untracked
pose_point_depth_mv/background_jobs/resume_real_s6_slat_v2.sh	root_git_untracked
pose_point_depth_mv/background_jobs/run_coarsemodel_pose_mask_no_point.sh	root_git_untracked
pose_point_depth_mv/background_jobs/run_holdout64_pose_mask_blind_addendum.sh	root_git_untracked
pose_point_depth_mv/background_jobs/run_mixed_no_vggt_benchmark32.sh	root_git_untracked
pose_point_depth_mv/background_jobs/run_mixed_no_vggt_holdout64.sh	root_git_untracked
pose_point_depth_mv/background_jobs/run_mixed_no_vggt_slat.sh	root_git_untracked
pose_point_depth_mv/background_jobs/run_mixed_no_vggt_slat_fourway.sh	root_git_untracked
pose_point_depth_mv/background_jobs/run_mixed_no_vggt_slat_stockfirst.sh	root_git_untracked
pose_point_depth_mv/background_jobs/run_mixed_no_vggt_slat_stockfirst_fourway.sh	root_git_untracked
pose_point_depth_mv/background_jobs/run_mixed_no_vggt_ss.sh	root_git_untracked
pose_point_depth_mv/background_jobs/run_mixed_no_vggt_ss_evaluation.sh	root_git_untracked
pose_point_depth_mv/background_jobs/run_no_vggt_f10_slat.sh	root_git_untracked
pose_point_depth_mv/background_jobs/run_objaverse16_no_vggt_objaverse2k.sh	root_git_untracked
pose_point_depth_mv/background_jobs/run_objaverse16_no_vggt_test.sh	root_git_untracked
pose_point_depth_mv/background_jobs/run_objaverse16_reconviagen_addendum.sh	root_git_untracked
pose_point_depth_mv/background_jobs/run_objaverse16_synthetic1k_addendum.sh	root_git_untracked
pose_point_depth_mv/background_jobs/run_objaverse2k_dev64_vs_reconviagen_8gpu.sh	root_git_untracked
pose_point_depth_mv/background_jobs/run_objaverse2k_no_vggt_slat_4gpu.sh	root_git_untracked
pose_point_depth_mv/background_jobs/run_objaverse2k_no_vggt_slat_8gpu.sh	root_git_untracked
pose_point_depth_mv/background_jobs/run_objaverse2k_no_vggt_slat_conditiononly_step800_8gpu.sh	root_git_untracked
pose_point_depth_mv/background_jobs/run_objaverse2k_no_vggt_slat_eval_4gpu.sh	root_git_untracked
pose_point_depth_mv/background_jobs/run_objaverse2k_no_vggt_slat_eval_dev16_8gpu.sh	root_git_untracked
pose_point_depth_mv/background_jobs/run_objaverse2k_no_vggt_slat_eval_dev64_8gpu.sh	root_git_untracked
pose_point_depth_mv/background_jobs/run_objaverse2k_no_vggt_slat_eval_dev64_retry_m8_worker2.sh	root_git_untracked
pose_point_depth_mv/background_jobs/run_objaverse2k_no_vggt_slat_fourway_dev16_4gpu.sh	root_git_untracked
pose_point_depth_mv/background_jobs/run_objaverse2k_no_vggt_slat_fourway_dev16_8gpu.sh	root_git_untracked
pose_point_depth_mv/background_jobs/run_objaverse2k_no_vggt_slat_stockfirst_step800_8gpu_fast.sh	root_git_untracked
pose_point_depth_mv/background_jobs/run_objaverse2k_no_vggt_slat_stockinit_step800_4gpu.sh	root_git_untracked
pose_point_depth_mv/background_jobs/run_objaverse2k_no_vggt_slat_stockinit_step800_8gpu.sh	root_git_untracked
pose_point_depth_mv/background_jobs/run_objaverse2k_stockinit_step800_eval_dev16_4gpu.sh	root_git_untracked
pose_point_depth_mv/background_jobs/run_objaverse2k_train16_current_recipe_4gpu.sh	root_git_untracked
pose_point_depth_mv/background_jobs/run_objaverse2k_train64_stock_full_8gpu.sh	root_git_untracked
pose_point_depth_mv/background_jobs/run_objaverse_training_overlap_8gpu.sh	root_git_untracked
pose_point_depth_mv/background_jobs/run_official_dev64_native_ss_stock_slat_shard0_worker_loop.sh	root_git_untracked
pose_point_depth_mv/background_jobs/run_official_dev64_native_ss_stock_slat_shard1_worker_loop.sh	root_git_untracked
pose_point_depth_mv/background_jobs/run_official_native_ss_support_lcr4_audit_gpu3.sh	root_git_untracked
pose_point_depth_mv/background_jobs/run_pose_mask_benchmark16_ablation.sh	root_git_untracked
pose_point_depth_mv/background_jobs/run_proobjaverse_30k_oss_transfer.sh	root_git_untracked
pose_point_depth_mv/background_jobs/run_proobjaverse_official_dev64_reconviagen_quantitative.sh	root_git_untracked
pose_point_depth_mv/background_jobs/run_proobjaverse_official_slat_step8000_eval_4gpu.sh	root_git_untracked
pose_point_depth_mv/background_jobs/run_proobjaverse_official_slat_with_vggt_cache.sh	root_git_untracked
pose_point_depth_mv/background_jobs/run_proobjaverse_official_ss_slat_vs_reconviagen_dev48.sh	root_git_untracked
pose_point_depth_mv/background_jobs/run_proobjaverse_slat_trajectory_eval_5gpu.sh	root_git_untracked
pose_point_depth_mv/background_jobs/run_real_official_slat_retest_one.sh	root_git_untracked
pose_point_depth_mv/background_jobs/run_real_official_slat_step8000_two_cases.sh	root_git_untracked
pose_point_depth_mv/background_jobs/run_real_s7_benchmark32.sh	root_git_untracked
pose_point_depth_mv/background_jobs/run_real_s8_holdout64.sh	root_git_untracked
pose_point_depth_mv/background_jobs/start_objaverse5k_partitioned_dino.sh	root_git_untracked
pose_point_depth_mv/background_jobs/wait_p2_then_train_objaverse2k_step400.sh	root_git_untracked
pose_point_depth_mv/build_direct_slat_cache.py	root_git_tracked
pose_point_depth_mv/build_direct_slat_cache_no_vggt.py	root_git_untracked
pose_point_depth_mv/build_local_lh_slats.py	root_git_untracked
pose_point_depth_mv/build_local_lh_slats0.py	root_git_untracked
pose_point_depth_mv/build_point_anchor_v2_cache.py	root_git_untracked
pose_point_depth_mv/build_probe_evidence_cache.py	root_git_untracked
pose_point_depth_mv/c1_direct_occupancy.py	root_git_untracked
pose_point_depth_mv/c1_matched_budget.py	root_git_untracked
pose_point_depth_mv/c1_occupancy.py	root_git_untracked
pose_point_depth_mv/clean_single_object6_smoke_20260730.json	root_git_untracked
pose_point_depth_mv/collect_ar_object_server.py	root_git_untracked
pose_point_depth_mv/collect_fourway_review_assets.py	root_git_untracked
pose_point_depth_mv/compare_pixal3d_singleview_smoke.py	root_git_tracked
pose_point_depth_mv/convert_proobjaverse_official_slat_cache_v1_to_v2.py	root_git_untracked
pose_point_depth_mv/correspondence_head.py	root_git_tracked
pose_point_depth_mv/dataset_tools/README.md	root_git_untracked
pose_point_depth_mv/dataset_tools/__init__.py	root_git_untracked
pose_point_depth_mv/dataset_tools/adjudicate_omni_real_mesh_alignment.py	root_git_untracked
pose_point_depth_mv/dataset_tools/align_omni_real_mesh_to_colmap.py	root_git_untracked
pose_point_depth_mv/dataset_tools/analyze_mixed_render_pilot.py	root_git_untracked
pose_point_depth_mv/dataset_tools/audit_mixed_mesh_blender_frames.py	root_git_untracked
pose_point_depth_mv/dataset_tools/audit_omni_real_video_sample.py	root_git_untracked
pose_point_depth_mv/dataset_tools/audit_omni_real_video_sim3.py	root_git_untracked
pose_point_depth_mv/dataset_tools/blender_pbr_render_multiview.py	root_git_untracked
pose_point_depth_mv/dataset_tools/build_dino_only_lifting_cache_direct.py	root_git_untracked
pose_point_depth_mv/dataset_tools/build_existing_mixed1k_dataset.py	root_git_untracked
pose_point_depth_mv/dataset_tools/build_mixed_no_vggt_manifest.py	root_git_untracked
pose_point_depth_mv/dataset_tools/build_objaverse_multiview_sparse_data.py	root_git_untracked
pose_point_depth_mv/dataset_tools/build_real_full_no_vggt_migration_contract.py	root_git_untracked
pose_point_depth_mv/dataset_tools/check_multiview_sparse_data_quality.py	root_git_untracked
pose_point_depth_mv/dataset_tools/derive_dino_only_lifting_cache.py	root_git_untracked
pose_point_depth_mv/dataset_tools/download_objaverse.py	root_git_untracked
pose_point_depth_mv/dataset_tools/download_omniobject3d.py	root_git_untracked
pose_point_depth_mv/dataset_tools/download_omniobject3d_filewise.py	root_git_untracked
pose_point_depth_mv/dataset_tools/finalize_mixed_multiview_10k.py	root_git_untracked
pose_point_depth_mv/dataset_tools/freeze_mixed10k_source_inputs.py	root_git_untracked
pose_point_depth_mv/dataset_tools/freeze_mixed_no_vggt_deployment.py	root_git_untracked
pose_point_depth_mv/dataset_tools/freeze_objaverse5k_single_subject.py	root_git_untracked
pose_point_depth_mv/dataset_tools/freeze_omni_real_native_training_subset.py	root_git_untracked
pose_point_depth_mv/dataset_tools/freeze_omni_real_raw_cache_eligibility.py	root_git_untracked
pose_point_depth_mv/dataset_tools/freeze_omni_real_raw_split.py	root_git_untracked
pose_point_depth_mv/dataset_tools/freeze_reviewed_mixed1k_dataset.py	root_git_untracked
pose_point_depth_mv/dataset_tools/inspect_mixed10k_build.py	root_git_untracked
pose_point_depth_mv/dataset_tools/merge_dino_only_lifting_shards.py	root_git_untracked
pose_point_depth_mv/dataset_tools/monitor_mixed_render_shards.py	root_git_untracked
pose_point_depth_mv/dataset_tools/monitor_mixed_render_smoke.py	root_git_untracked
pose_point_depth_mv/dataset_tools/monitor_objaverse5k_pipeline.py	root_git_untracked
pose_point_depth_mv/dataset_tools/prepare_coarsemodel_real_raw_cache.py	root_git_untracked
pose_point_depth_mv/dataset_tools/prepare_mixed_mesh10k_sources.py	root_git_untracked
pose_point_depth_mv/dataset_tools/prepare_objaverse_gap_source_plan.py	root_git_untracked
pose_point_depth_mv/dataset_tools/prepare_objaverse_semantic_review.py	root_git_untracked
pose_point_depth_mv/dataset_tools/prepare_omni_real_dino_only_model_inputs.py	root_git_untracked
pose_point_depth_mv/dataset_tools/prepare_omni_real_label_cache.py	root_git_untracked
pose_point_depth_mv/dataset_tools/prepare_omni_real_model_inputs.py	root_git_untracked
pose_point_depth_mv/dataset_tools/prepare_omni_real_native_training_cache.py	root_git_untracked
pose_point_depth_mv/dataset_tools/prepare_omni_real_pose_mask_runtime_inputs.py	root_git_untracked
pose_point_depth_mv/dataset_tools/prepare_omni_real_runtime_inputs.py	root_git_untracked
pose_point_depth_mv/dataset_tools/prepare_omni_real_video_cache.py	root_git_untracked
pose_point_depth_mv/dataset_tools/process_objaverse5k_cache_shards.py	root_git_untracked
pose_point_depth_mv/dataset_tools/render_failure_taxonomy.py	root_git_untracked
pose_point_depth_mv/dataset_tools/repair_reviewed_frozen_object_ss.py	root_git_untracked
pose_point_depth_mv/dataset_tools/restructure_single_object_dataset.py	root_git_untracked
pose_point_depth_mv/dataset_tools/run_mixed_multiview_render_worker.py	root_git_untracked
pose_point_depth_mv/dataset_tools/subset_dino_only_model_inputs.py	root_git_untracked
pose_point_depth_mv/dataset_tools/test_align_omni_real_mesh_to_colmap.py	root_git_untracked
pose_point_depth_mv/dataset_tools/test_build_dino_only_lifting_cache_direct.py	root_git_untracked
pose_point_depth_mv/dataset_tools/test_build_existing_mixed1k_dataset.py	root_git_untracked
pose_point_depth_mv/dataset_tools/test_derive_dino_only_lifting_cache.py	root_git_untracked
pose_point_depth_mv/dataset_tools/test_freeze_objaverse5k_single_subject.py	root_git_untracked
pose_point_depth_mv/dataset_tools/test_freeze_omni_real_native_training_subset.py	root_git_untracked
pose_point_depth_mv/dataset_tools/test_freeze_omni_real_raw_cache_eligibility.py	root_git_untracked
pose_point_depth_mv/dataset_tools/test_freeze_omni_real_raw_split.py	root_git_untracked
pose_point_depth_mv/dataset_tools/test_freeze_reviewed_mixed1k_dataset.py	root_git_untracked
pose_point_depth_mv/dataset_tools/test_objaverse5k_cache_shards.py	root_git_untracked
pose_point_depth_mv/dataset_tools/test_prepare_coarsemodel_real_raw_cache.py	root_git_untracked
pose_point_depth_mv/dataset_tools/test_prepare_mixed_mesh10k_sources.py	root_git_untracked
pose_point_depth_mv/dataset_tools/test_prepare_objaverse_gap_source_plan.py	root_git_untracked
pose_point_depth_mv/dataset_tools/test_prepare_objaverse_semantic_review.py	root_git_untracked
pose_point_depth_mv/dataset_tools/test_prepare_omni_real_dino_only_model_inputs.py	root_git_untracked
pose_point_depth_mv/dataset_tools/test_prepare_omni_real_label_cache.py	root_git_untracked
pose_point_depth_mv/dataset_tools/test_prepare_omni_real_model_inputs.py	root_git_untracked
pose_point_depth_mv/dataset_tools/test_prepare_omni_real_native_training_cache.py	root_git_untracked
pose_point_depth_mv/dataset_tools/test_prepare_omni_real_runtime_inputs.py	root_git_untracked
pose_point_depth_mv/dataset_tools/test_prepare_omni_real_video_cache.py	root_git_untracked
pose_point_depth_mv/dataset_tools/test_repair_reviewed_frozen_object_ss.py	root_git_untracked
pose_point_depth_mv/dataset_tools/test_restructure_single_object_dataset.py	root_git_untracked
pose_point_depth_mv/dataset_tools/validate_multiview_sparse_data.py	root_git_untracked
pose_point_depth_mv/diagnose_direct_slat_runtime_repeat.py	root_git_tracked
pose_point_depth_mv/diagnose_native_ss_decoder.py	root_git_untracked
pose_point_depth_mv/diagnose_probe_checkpoints.py	root_git_untracked
pose_point_depth_mv/diagnose_view_identity_checkpoints.py	root_git_untracked
pose_point_depth_mv/dino_only_condition.py	root_git_untracked
pose_point_depth_mv/direct_flow.py	root_git_tracked
pose_point_depth_mv/direct_slat_blind.py	root_git_tracked
pose_point_depth_mv/direct_slat_data.py	root_git_tracked
pose_point_depth_mv/direct_slat_flow.py	root_git_tracked
pose_point_depth_mv/direct_slat_matched_mesh_blind.py	root_git_tracked
pose_point_depth_mv/direct_slat_runtime_repeat.py	root_git_tracked
pose_point_depth_mv/eval_c1_direct_occupancy.py	root_git_untracked
pose_point_depth_mv/eval_c1_occupancy_calibrator.py	root_git_untracked
pose_point_depth_mv/eval_correspondence_head.py	root_git_untracked
pose_point_depth_mv/eval_direct_flow.py	root_git_tracked
pose_point_depth_mv/eval_direct_slat_flow.py	root_git_tracked
pose_point_depth_mv/eval_flow.py	root_git_untracked
pose_point_depth_mv/eval_local_target_probe.py	root_git_untracked
pose_point_depth_mv/eval_mesh_cleanup_diagnostic.py	root_git_untracked
pose_point_depth_mv/eval_point_anchor_rollout_v2.py	root_git_untracked
pose_point_depth_mv/eval_point_anchor_v2.py	root_git_untracked
pose_point_depth_mv/eval_view_identity_lifting.py	root_git_untracked
pose_point_depth_mv/eval_view_identity_rollout.py	root_git_untracked
pose_point_depth_mv/eval_voxel_selfcal_correspondence.py	root_git_untracked
pose_point_depth_mv/evaluate_direct_slat_pixal3d_utility.py	root_git_tracked
pose_point_depth_mv/evaluate_holdout64_current_vs_reconviagen_shape.py	root_git_untracked
pose_point_depth_mv/evaluate_holdout64_pose_mask_blind_addendum.py	root_git_untracked
pose_point_depth_mv/evaluate_mixed_no_vggt_slat_fourway.py	root_git_untracked
pose_point_depth_mv/evaluate_native_condition_teacher.py	root_git_untracked
pose_point_depth_mv/evaluate_native_no_vggt_gaussian_appearance.py	root_git_untracked
pose_point_depth_mv/evaluate_native_slat_condition_only_mesh.py	root_git_untracked
pose_point_depth_mv/evaluate_native_slat_condition_only_objective_v2_mesh.py	root_git_untracked
pose_point_depth_mv/evaluate_native_slat_genrecon_mesh.py	root_git_tracked
pose_point_depth_mv/evaluate_native_ss_genrecon.py	root_git_tracked
pose_point_depth_mv/evaluate_native_ss_genrecon_no_vggt.py	root_git_untracked
pose_point_depth_mv/evaluate_native_ss_pixal_genrecon.py	root_git_untracked
pose_point_depth_mv/evaluate_native_ss_rollout.py	root_git_tracked
pose_point_depth_mv/evaluate_native_ss_stock_reconviagen_sim3_holdout.py	root_git_untracked
pose_point_depth_mv/evaluate_native_ss_stock_slat_mesh.py	root_git_tracked
pose_point_depth_mv/evaluate_objaverse16_no_vggt.py	root_git_untracked
pose_point_depth_mv/evaluate_objaverse16_reconviagen.py	root_git_untracked
pose_point_depth_mv/evaluate_objaverse16_slat_oracle_swap.py	root_git_untracked
pose_point_depth_mv/evaluate_objaverse16_synthetic1k_addendum.py	root_git_untracked
pose_point_depth_mv/evaluate_objaverse2k_dev64_vs_reconviagen.py	root_git_untracked
pose_point_depth_mv/evaluate_objaverse2k_no_vggt_slat.py	root_git_untracked
pose_point_depth_mv/evaluate_objaverse2k_no_vggt_slat_fourway.py	root_git_untracked
pose_point_depth_mv/evaluate_objaverse_training_overlap.py	root_git_untracked
pose_point_depth_mv/evaluate_omni_real_mesh_benchmark.py	root_git_untracked
pose_point_depth_mv/evaluate_omni_real_native_adaptation.py	root_git_untracked
pose_point_depth_mv/evaluate_omni_real_no_vggt_final.py	root_git_untracked
pose_point_depth_mv/evaluate_omni_reconviagen_slat15k25k_shape.py	root_git_untracked
pose_point_depth_mv/evaluate_pose_mask_external_bases.py	root_git_untracked
pose_point_depth_mv/evaluate_pose_mask_pointcloud_ablation.py	root_git_untracked
pose_point_depth_mv/evaluate_proobjaverse_official_native_ss_no_vggt.py	root_git_untracked
pose_point_depth_mv/evaluate_proobjaverse_official_native_ss_stock_slat.py	root_git_untracked
pose_point_depth_mv/evaluate_proobjaverse_official_reconviagen.py	root_git_untracked
pose_point_depth_mv/evaluate_proobjaverse_official_slat_gt_support.py	root_git_untracked
pose_point_depth_mv/evaluate_proobjaverse_official_slat_gt_support_cross_host.py	root_git_untracked
pose_point_depth_mv/evaluate_proobjaverse_official_ss_support_vs_reconviagen.py	root_git_untracked
pose_point_depth_mv/evaluate_reconviagen_stock_full_mesh.py	root_git_untracked
pose_point_depth_mv/evaluate_stock2_full2_reconviagen_sim3_shape.py	root_git_untracked
pose_point_depth_mv/export_direct_flow_mesh_exploratory.py	root_git_tracked
pose_point_depth_mv/export_direct_flow_mesh_pairs.py	root_git_tracked
pose_point_depth_mv/export_direct_slat_blind_holdout.py	root_git_tracked
pose_point_depth_mv/export_direct_slat_mesh_pairs.py	root_git_tracked
pose_point_depth_mv/export_native_slat_mesh_pairs.py	root_git_tracked
pose_point_depth_mv/finalize_direct_slat_blind_holdout.py	root_git_tracked
pose_point_depth_mv/freeze_direct_slat_holdout_integrity.py	root_git_tracked
pose_point_depth_mv/freeze_direct_slat_matched_mesh_blind.py	root_git_tracked
pose_point_depth_mv/freeze_direct_slat_ratings.py	root_git_tracked
pose_point_depth_mv/freeze_holdout64_pose_mask_blind_protocol.py	root_git_untracked
pose_point_depth_mv/freeze_matched_view_protocol.py	root_git_tracked
pose_point_depth_mv/freeze_native_slat_stock.py	root_git_tracked
pose_point_depth_mv/freeze_objaverse16_test.py	root_git_untracked
pose_point_depth_mv/freeze_objaverse2k_slat_train16.py	root_git_untracked
pose_point_depth_mv/freeze_proobjaverse_official_slat_m0_subset.py	root_git_untracked
pose_point_depth_mv/geometry.py	root_git_untracked
pose_point_depth_mv/infer_objaverse16_no_vggt_mixed.py	root_git_untracked
pose_point_depth_mv/infer_objaverse16_no_vggt_objaverse2k.py	root_git_untracked
pose_point_depth_mv/infer_objaverse16_no_vggt_synthetic1k.py	root_git_untracked
pose_point_depth_mv/infer_objaverse16_reconviagen.py	root_git_untracked
pose_point_depth_mv/infer_objaverse_training_overlap_native.py	root_git_untracked
pose_point_depth_mv/infer_official_genrecon_objects.py	root_git_untracked
pose_point_depth_mv/infer_omni_real_native_no_vggt.py	root_git_untracked
pose_point_depth_mv/infer_omni_real_native_no_vggt_mixed.py	root_git_untracked
pose_point_depth_mv/infer_omni_real_native_no_vggt_synthetic.py	root_git_untracked
pose_point_depth_mv/infer_omni_real_native_ss_stock_slat_no_vggt.py	root_git_untracked
pose_point_depth_mv/infer_omni_real_native_v2.py	root_git_untracked
pose_point_depth_mv/infer_omni_real_pixal3d.py	root_git_untracked
pose_point_depth_mv/infer_omni_real_reconviagen.py	root_git_untracked
pose_point_depth_mv/infer_real_proobjaverse_official_ss_slat.py	root_git_untracked
pose_point_depth_mv/infer_reconviagen_stock_from_direct_cache.py	root_git_tracked
pose_point_depth_mv/launch_direct_slat_blind_runtime.py	root_git_tracked
pose_point_depth_mv/local_target_probe.py	root_git_untracked
pose_point_depth_mv/materialize_proobjaverse_official_ss_targets.py	root_git_untracked
pose_point_depth_mv/mesh_benchmark_metrics.py	root_git_untracked
pose_point_depth_mv/mixed_no_vggt_data.py	root_git_untracked
pose_point_depth_mv/monitor_omni_recon_slat_shape.sh	root_git_untracked
pose_point_depth_mv/native_3d_condition.py	root_git_tracked
pose_point_depth_mv/native_no_vggt_parallel_slat_and_formal_retest_20260807.txt	root_git_untracked
pose_point_depth_mv/native_slat_condition_only.py	root_git_untracked
pose_point_depth_mv/native_slat_condition_only_no_vggt.py	root_git_untracked
pose_point_depth_mv/native_slat_condition_only_objective_v2.py	root_git_untracked
pose_point_depth_mv/native_slat_decoder_geometry.py	root_git_untracked
pose_point_depth_mv/native_slat_genrecon.py	root_git_tracked
pose_point_depth_mv/native_slat_genrecon_no_vggt.py	root_git_untracked
pose_point_depth_mv/native_slat_genrecon_v2.py	root_git_untracked
pose_point_depth_mv/native_slat_genrecon_with_vggt_official.py	root_git_untracked
pose_point_depth_mv/native_ss_genrecon.py	root_git_tracked
pose_point_depth_mv/native_ss_genrecon_no_vggt.py	root_git_untracked
pose_point_depth_mv/native_ss_mixed1k_protocol.py	root_git_tracked
pose_point_depth_mv/native_ss_occupancy.py	root_git_untracked
pose_point_depth_mv/native_synthetic_no_vggt_ablation_commands_20260807.txt	root_git_untracked
pose_point_depth_mv/no_vggt_ss_evidence.py	root_git_untracked
pose_point_depth_mv/objaverse2k_slat_pipeline.py	root_git_untracked
pose_point_depth_mv/omni_real_benchmark_common.py	root_git_untracked
pose_point_depth_mv/package_coarsemodel_real_no_vggt_results.py	root_git_untracked
pose_point_depth_mv/package_direct_slat_public_bundle.py	root_git_tracked
pose_point_depth_mv/package_real_proobjaverse_official_ss_slat_results.py	root_git_untracked
pose_point_depth_mv/point_anchor_v2.py	root_git_untracked
pose_point_depth_mv/pose_mask_object_canonicalization.py	root_git_untracked
pose_point_depth_mv/preflight_proobjaverse_official_slat_resume.py	root_git_untracked
pose_point_depth_mv/prepare_c1_neighborhood_gates.py	root_git_untracked
pose_point_depth_mv/prepare_direct_flow_mesh_protocol.py	root_git_tracked
pose_point_depth_mv/prepare_direct_slat_blind_protocol.py	root_git_tracked
pose_point_depth_mv/prepare_direct_slat_holdout_manifest.py	root_git_tracked
pose_point_depth_mv/prepare_native_ss_matched_baselines.py	root_git_untracked
pose_point_depth_mv/prepare_native_ss_pixal3d_review.py	root_git_untracked
pose_point_depth_mv/prepare_objaverse16_no_vggt_model_inputs.py	root_git_untracked
pose_point_depth_mv/prepare_objaverse2k_dev64_reconviagen_selection.py	root_git_untracked
pose_point_depth_mv/prepare_omni_holdout_ar_replay.py	root_git_untracked
pose_point_depth_mv/prepare_omni_real_holdout_mesh_review.py	root_git_untracked
pose_point_depth_mv/prepare_proobjaverse_official_slat_compact_cache.py	root_git_untracked
pose_point_depth_mv/prepare_proobjaverse_official_slat_dino_cache.py	root_git_untracked
pose_point_depth_mv/prepare_proobjaverse_official_slat_with_vggt_sidecar.py	root_git_untracked
pose_point_depth_mv/proobjaverse_official_slat_compact.py	root_git_untracked
pose_point_depth_mv/proobjaverse_official_slat_protocol.py	root_git_untracked
pose_point_depth_mv/proobjaverse_official_slat_training.py	root_git_untracked
pose_point_depth_mv/proobjaverse_official_slat_with_vggt_cache.py	root_git_untracked
pose_point_depth_mv/proobjaverse_official_ss.py	root_git_untracked
pose_point_depth_mv/protocols/Holdout64_PoseMask盲态追加协议_20260810.json	root_git_untracked
pose_point_depth_mv/real_full_no_vggt_migration.py	root_git_untracked
pose_point_depth_mv/real_object_canonicalization.py	root_git_untracked
pose_point_depth_mv/real_object_label_binding.py	root_git_untracked
pose_point_depth_mv/rebase_pose_mask_inference_to_reference_o.py	root_git_untracked
pose_point_depth_mv/reconstruct_ar_full_colmap.py	root_git_untracked
pose_point_depth_mv/reconstruct_existing_ar_session.py	root_git_untracked
pose_point_depth_mv/reconstruct_real_proobjaverse_official_ss_slat.py	root_git_untracked
pose_point_depth_mv/render_ar_object_mesh_previews.py	root_git_untracked
pose_point_depth_mv/render_ar_reconviagen_comparison_video.py	root_git_untracked
pose_point_depth_mv/render_coarsemodel_current_recon_pixal_videos.py	root_git_untracked
pose_point_depth_mv/render_coarsemodel_pose_mask_turntables.py	root_git_untracked
pose_point_depth_mv/render_direct_slat_fourway.py	root_git_tracked
pose_point_depth_mv/render_native_ss_pixal3d_fourway.py	root_git_untracked
pose_point_depth_mv/render_reconviagen_stock_full_six.py	root_git_untracked
pose_point_depth_mv/replay_ar_capture_dataset.py	root_git_untracked
pose_point_depth_mv/run_ar_offline_colmap_ab.py	root_git_untracked
pose_point_depth_mv/run_c0_2b_checkpoint_trajectory.sh	root_git_untracked
pose_point_depth_mv/run_c0_3_neighborhood_seed.sh	root_git_untracked
pose_point_depth_mv/run_c0_3_smoke.sh	root_git_untracked
pose_point_depth_mv/run_c1_0_target_enrichment.sh	root_git_untracked
pose_point_depth_mv/run_c1_0b_matched_budget.sh	root_git_untracked
pose_point_depth_mv/run_c1_1_occupancy_calibrators.sh	root_git_untracked
pose_point_depth_mv/run_c1_1b_direct_occupancy.sh	root_git_untracked
pose_point_depth_mv/run_n0_neighborhood_core_shell.sh	root_git_untracked
pose_point_depth_mv/run_n2_neighborhood_ablation.sh	root_git_untracked
pose_point_depth_mv/run_n3_build_holdout_cache.sh	root_git_untracked
pose_point_depth_mv/run_n3_multiseed_holdout.sh	root_git_untracked
pose_point_depth_mv/run_n4_prepare_c1.sh	root_git_untracked
pose_point_depth_mv/run_native_ss_stock_reconviagen_sim3_holdout_8gpu.sh	root_git_untracked
pose_point_depth_mv/run_plant_pointmask64_current_pipeline.sh	root_git_untracked
pose_point_depth_mv/run_pre_c0_2c_audits.sh	root_git_untracked
pose_point_depth_mv/run_proobjaverse_slat_trajectory_eval_5gpu.py	root_git_untracked
pose_point_depth_mv/select_objaverse_training_overlap_subset.py	root_git_untracked
pose_point_depth_mv/server.py	root_git_untracked
pose_point_depth_mv/subset_omni_raw_cache_candidates.py	root_git_untracked
pose_point_depth_mv/summarize_c1_direct_occupancy.py	root_git_untracked
pose_point_depth_mv/summarize_c1_matched_budget.py	root_git_untracked
pose_point_depth_mv/summarize_c1_occupancy_calibrators.py	root_git_untracked
pose_point_depth_mv/summarize_c1_target_enrichment.py	root_git_untracked
pose_point_depth_mv/summarize_direct_slat_checkpoint_curve.py	root_git_tracked
pose_point_depth_mv/summarize_mixed_slat_stock_context_2x2.py	root_git_untracked
pose_point_depth_mv/summarize_native_slat_objective_v2_ablation.py	root_git_untracked
pose_point_depth_mv/summarize_neighborhood_multiseed.py	root_git_untracked
pose_point_depth_mv/summarize_objaverse2k_stockinit_step800.py	root_git_untracked
pose_point_depth_mv/summarize_objaverse2k_train_stock_full.py	root_git_untracked
pose_point_depth_mv/summarize_point_anchor_rollout_v2.py	root_git_untracked
pose_point_depth_mv/summarize_point_anchor_v2.py	root_git_untracked
pose_point_depth_mv/summarize_proobjaverse_official_slat_arms.py	root_git_untracked
pose_point_depth_mv/summarize_view_identity_lifting.py	root_git_untracked
pose_point_depth_mv/summarize_voxel_selfcal_multiseed.py	root_git_untracked
pose_point_depth_mv/test_aggregate_proobjaverse_official_ss_slat_vs_reconviagen.py	root_git_untracked
pose_point_depth_mv/test_ar_mobile_overlay.py	root_git_untracked
pose_point_depth_mv/test_ar_object_capture.py	root_git_untracked
pose_point_depth_mv/test_ar_object_reconstruction.py	root_git_untracked
pose_point_depth_mv/test_ar_offline_colmap_ab.py	root_git_untracked
pose_point_depth_mv/test_audit_native_v2_runtime_o_compatibility.py	root_git_untracked
pose_point_depth_mv/test_branch_matrix_and_matched_view_protocol.py	root_git_untracked
pose_point_depth_mv/test_build_local_lh_slats.py	root_git_untracked
pose_point_depth_mv/test_bunny_review.py	root_git_untracked
pose_point_depth_mv/test_c1_matched_direct.py	root_git_untracked
pose_point_depth_mv/test_c1_occupancy.py	root_git_untracked
pose_point_depth_mv/test_canonical_gt_runtime_o.py	root_git_untracked
pose_point_depth_mv/test_correspondence_head.py	root_git_untracked
pose_point_depth_mv/test_dino_only_condition.py	root_git_untracked
pose_point_depth_mv/test_direct_flow.py	root_git_tracked
pose_point_depth_mv/test_direct_flow_mesh.py	root_git_tracked
pose_point_depth_mv/test_direct_flow_statistics.py	root_git_tracked
pose_point_depth_mv/test_direct_slat_blind.py	root_git_tracked
pose_point_depth_mv/test_direct_slat_checkpoint_curve.py	root_git_tracked
pose_point_depth_mv/test_direct_slat_data.py	root_git_tracked
pose_point_depth_mv/test_direct_slat_flow.py	root_git_tracked
pose_point_depth_mv/test_direct_slat_matched_mesh_blind.py	root_git_tracked
pose_point_depth_mv/test_direct_slat_pixal3d_utility.py	root_git_tracked
pose_point_depth_mv/test_direct_slat_release.py	root_git_tracked
pose_point_depth_mv/test_direct_slat_runtime_repeat.py	root_git_tracked
pose_point_depth_mv/test_evaluate_objaverse16_slat_oracle_swap.py	root_git_untracked
pose_point_depth_mv/test_evaluate_objaverse2k_no_vggt_slat.py	root_git_untracked
pose_point_depth_mv/test_evaluate_objaverse2k_no_vggt_slat_fourway.py	root_git_untracked
pose_point_depth_mv/test_evaluate_omni_real_mesh_benchmark.py	root_git_untracked
pose_point_depth_mv/test_evaluate_omni_real_native_adaptation.py	root_git_untracked
pose_point_depth_mv/test_evaluate_omni_reconviagen_slat15k25k_shape.py	root_git_untracked
pose_point_depth_mv/test_evaluate_proobjaverse_official_native_ss_stock_slat.py	root_git_untracked
pose_point_depth_mv/test_evaluate_proobjaverse_official_reconviagen.py	root_git_untracked
pose_point_depth_mv/test_evaluate_proobjaverse_official_ss_support_vs_reconviagen.py	root_git_untracked
pose_point_depth_mv/test_evaluate_reconviagen_stock_full_mesh.py	root_git_untracked
pose_point_depth_mv/test_holdout64_current_vs_reconviagen_shape.py	root_git_untracked
pose_point_depth_mv/test_holdout64_pose_mask_blind_addendum.py	root_git_untracked
pose_point_depth_mv/test_infer_omni_real_pixal3d.py	root_git_untracked
pose_point_depth_mv/test_local_target_probe.py	root_git_untracked
pose_point_depth_mv/test_mixed_multiview_render_guards.py	root_git_untracked
pose_point_depth_mv/test_mixed_no_vggt_migration.py	root_git_untracked
pose_point_depth_mv/test_mixed_no_vggt_slat_fourway.py	root_git_untracked
pose_point_depth_mv/test_monitor_mixed_render_shards.py	root_git_untracked
pose_point_depth_mv/test_native_3d_condition.py	root_git_tracked
pose_point_depth_mv/test_native_no_vggt_gaussian_appearance.py	root_git_untracked
pose_point_depth_mv/test_native_slat_condition_only.py	root_git_untracked
pose_point_depth_mv/test_native_slat_condition_only_no_vggt.py	root_git_untracked
pose_point_depth_mv/test_native_slat_condition_only_objective_v2.py	root_git_untracked
pose_point_depth_mv/test_native_slat_genrecon.py	root_git_tracked
pose_point_depth_mv/test_native_slat_genrecon_v2.py	root_git_untracked
pose_point_depth_mv/test_native_slat_resume_data_identity.py	root_git_untracked
pose_point_depth_mv/test_native_ss_deployment_relocation.py	root_git_untracked
pose_point_depth_mv/test_native_ss_genrecon.py	root_git_tracked
pose_point_depth_mv/test_native_ss_occupancy.py	root_git_untracked
pose_point_depth_mv/test_native_ss_pixal3d_review.py	root_git_untracked
pose_point_depth_mv/test_native_ss_pixal_genrecon.py	root_git_untracked
pose_point_depth_mv/test_native_ss_stock_slat_mesh.py	root_git_tracked
pose_point_depth_mv/test_no_vggt_final_protocol.py	root_git_untracked
pose_point_depth_mv/test_no_vggt_ss_evidence.py	root_git_untracked
pose_point_depth_mv/test_objaverse16_protocol.py	root_git_untracked
pose_point_depth_mv/test_objaverse16_reconviagen.py	root_git_untracked
pose_point_depth_mv/test_objaverse16_synthetic1k_addendum.py	root_git_untracked
pose_point_depth_mv/test_objaverse2k_slat_pipeline.py	root_git_untracked
pose_point_depth_mv/test_objaverse2k_ss_support_audit.py	root_git_untracked
pose_point_depth_mv/test_package_coarsemodel_real_no_vggt_results.py	root_git_untracked
pose_point_depth_mv/test_point_anchor_rollout_v2.py	root_git_untracked
pose_point_depth_mv/test_point_anchor_v2.py	root_git_untracked
pose_point_depth_mv/test_pose_mask_pointcloud_ablation.py	root_git_untracked
pose_point_depth_mv/test_pose_point_depth_mv.py	root_git_untracked
pose_point_depth_mv/test_prepare_direct_slat_holdout_manifest.py	root_git_tracked
pose_point_depth_mv/test_prepare_omni_real_holdout_mesh_review.py	root_git_untracked
pose_point_depth_mv/test_proobjaverse_30k_oss_transfer.py	root_git_untracked
pose_point_depth_mv/test_proobjaverse_official_slat_cache_v1_v2_fixture.py	root_git_untracked
pose_point_depth_mv/test_proobjaverse_official_slat_compact_compat.py	root_git_untracked
pose_point_depth_mv/test_proobjaverse_official_slat_gt_support_cross_host.py	root_git_untracked
pose_point_depth_mv/test_proobjaverse_official_slat_protocol.py	root_git_untracked
pose_point_depth_mv/test_proobjaverse_official_slat_protocol_compat.py	root_git_untracked
pose_point_depth_mv/test_proobjaverse_official_slat_with_vggt.py	root_git_untracked
pose_point_depth_mv/test_proobjaverse_official_ss.py	root_git_untracked
pose_point_depth_mv/test_proobjaverse_slat_trajectory_eval_5gpu.py	root_git_untracked
pose_point_depth_mv/test_real_object_canonicalization.py	root_git_untracked
pose_point_depth_mv/test_real_proobjaverse_official_ss_slat.py	root_git_untracked
pose_point_depth_mv/test_reconstruct_ar_full_colmap.py	root_git_untracked
pose_point_depth_mv/test_render_coarsemodel_current_recon_pixal_videos.py	root_git_untracked
pose_point_depth_mv/test_render_coarsemodel_pose_mask_turntables.py	root_git_untracked
pose_point_depth_mv/test_render_direct_slat_fourway.py	root_git_tracked
pose_point_depth_mv/test_render_reconviagen_stock_full_six.py	root_git_untracked
pose_point_depth_mv/test_stock2_full2_reconviagen_sim3_shape.py	root_git_untracked
pose_point_depth_mv/test_summarize_objaverse2k_stockinit_step800.py	root_git_untracked
pose_point_depth_mv/test_synthetic_no_vggt_inference.py	root_git_untracked
pose_point_depth_mv/test_training_overlap_objaverse.py	root_git_untracked
pose_point_depth_mv/test_view_identity_lifting.py	root_git_untracked
pose_point_depth_mv/test_voxel_dynamics_depth_strata.py	root_git_untracked
pose_point_depth_mv/tools/proobjaverse_30k_oss_transfer.py	root_git_untracked
pose_point_depth_mv/train_c1_direct_occupancy.py	root_git_untracked
pose_point_depth_mv/train_c1_occupancy_calibrator.py	root_git_untracked
pose_point_depth_mv/train_correspondence_head.py	root_git_untracked
pose_point_depth_mv/train_direct_flow.py	root_git_tracked
pose_point_depth_mv/train_direct_slat_flow.py	root_git_tracked
pose_point_depth_mv/train_local_target_probe.py	root_git_untracked
pose_point_depth_mv/train_native_slat_condition_only.py	root_git_untracked
pose_point_depth_mv/train_native_slat_condition_only_no_vggt.py	root_git_untracked
pose_point_depth_mv/train_native_slat_condition_only_objective_v2.py	root_git_untracked
pose_point_depth_mv/train_native_slat_flow.py	root_git_untracked
pose_point_depth_mv/train_native_slat_genrecon.py	root_git_tracked
pose_point_depth_mv/train_native_slat_genrecon_no_vggt.py	root_git_untracked
pose_point_depth_mv/train_native_slat_genrecon_no_vggt_mixed.py	root_git_untracked
pose_point_depth_mv/train_native_slat_genrecon_with_vggt_official.py	root_git_untracked
pose_point_depth_mv/train_native_ss_flow.py	root_git_untracked
pose_point_depth_mv/train_native_ss_genrecon.py	root_git_tracked
pose_point_depth_mv/train_native_ss_genrecon_no_vggt.py	root_git_untracked
pose_point_depth_mv/train_native_ss_genrecon_no_vggt_mixed.py	root_git_untracked
pose_point_depth_mv/train_point_anchor_v2.py	root_git_untracked
pose_point_depth_mv/train_proobjaverse_official_native_ss_no_vggt.py	root_git_untracked
pose_point_depth_mv/train_proobjaverse_official_slat_condition_lora.py	root_git_untracked
pose_point_depth_mv/train_proobjaverse_official_slat_condition_lora_with_vggt.py	root_git_untracked
pose_point_depth_mv/train_proobjaverse_official_slat_condition_only.py	root_git_untracked
pose_point_depth_mv/train_view_identity_lifting.py	root_git_untracked
pose_point_depth_mv/training_overlap_objaverse.py	root_git_untracked
pose_point_depth_mv/unblind_holdout64_pose_mask_addendum.py	root_git_untracked
pose_point_depth_mv/view_identity_lifting.py	root_git_tracked
pose_point_depth_mv/全96帧COLMAP_ReconViaGen同输入Mesh视频对比命令_20260811.txt	root_git_untracked
pose_point_depth_mv/单物体Clean6_ReconViaGen_Stock_Full同输入评估渲染命令_20260730.txt	root_git_untracked
pose_point_depth_mv/单物体训练数据A_B_C增量重构命令_20260730.txt	root_git_untracked
pose_point_depth_mv/原版单视图Pixal3D_vs当前多视图Full_Smoke结果分析_20260727.md	root_git_untracked
pose_point_depth_mv/原版单视图Pixal3D对比当前多视图Smoke命令_20260727.txt	root_git_untracked
pose_point_depth_mv/多视图分支矩阵与Matched_View诊断命令_20260727.txt	root_git_untracked
pose_point_depth_mv/大数据直接Flow训练测试命令_20260720.txt	root_git_untracked
pose_point_depth_mv/完整运行命令.txt	root_git_untracked
pose_point_depth_mv/审计.md	root_git_tracked
pose_point_depth_mv/当前NativeSS与NativeSLAT完整结构梳理_20260804.md	root_git_untracked
pose_point_depth_mv/当前工作进度与问题说明_20260812.md	root_git_untracked
pose_point_depth_mv/当前模型结果与深度位姿路线说明_20260716.txt	root_git_untracked
pose_point_depth_mv/当前深度点云位姿模型构建与训练说明_20260715.txt	root_git_untracked
pose_point_depth_mv/手机会话人工指定8帧PoseMask重建命令_20260811.txt	root_git_untracked
pose_point_depth_mv/手机系统_NativeSS接FrozenStockSLat测试命令_20260812.sh	root_git_untracked
pose_point_depth_mv/数据构建与SS_SLAT重构重训重验证阶段总览_20260730.md	root_git_untracked
pose_point_depth_mv/校准对象四路Canonical位姿与Shape对齐审查命令_20260729.txt	root_git_untracked
pose_point_depth_mv/校准验证对象_旧版DirectSS900_DirectSLAT800四模型重建与渲染命令_20260728.txt	root_git_untracked
pose_point_depth_mv/混合10k_Objaverse11546_Omni215来源冻结命令_20260727.txt	root_git_untracked
pose_point_depth_mv/真实合成混合10k下载后构建命令_20260727.txt	root_git_untracked
pose_point_depth_mv/真实数据集采集_手机.txt	root_git_untracked
pose_point_depth_mv/真实数据集采集命令.txt	root_git_untracked
pose_point_depth_mv/约1k单物体初步微调数据冻结命令_20260730.txt	root_git_untracked
pose_point_depth_mv/输出.txt	root_git_untracked
reconvggt_ar_adapter_a/A_B阶段结果与B结构_20260703.md	root_git_tracked
reconvggt_ar_adapter_a/J1a2A_36_4_36_5结果与下一步_20260713.md	root_git_untracked
reconvggt_ar_adapter_a/__init__.py	root_git_tracked
reconvggt_ar_adapter_a/audit_b510_flow_gradient_lowrank.py	root_git_tracked
reconvggt_ar_adapter_a/audit_b59c_flow_gradient_direction.py	root_git_tracked
reconvggt_ar_adapter_a/audit_j1a2a_content_sensitivity.py	root_git_untracked
reconvggt_ar_adapter_a/audit_j1a2b1_projected_patch.py	root_git_untracked
reconvggt_ar_adapter_a/audit_pointpose_ss_cache.py	root_git_tracked
reconvggt_ar_adapter_a/audit_pointpose_training_run.py	root_git_tracked
reconvggt_ar_adapter_a/audit_reconbridge_condition_spatial_mapping.py	root_git_untracked
reconvggt_ar_adapter_a/audit_sparse_anchor_inputs.py	root_git_untracked
reconvggt_ar_adapter_a/build_object_disjoint_split.py	root_git_tracked
reconvggt_ar_adapter_a/build_object_subset_manifest.py	root_git_tracked
reconvggt_ar_adapter_a/build_pointpose_ss_cache.py	root_git_tracked
reconvggt_ar_adapter_a/configs/b53_multisession_train2_holdout1.json	root_git_tracked
reconvggt_ar_adapter_a/configs/b59_multisession_train2_validation1.json	root_git_tracked
reconvggt_ar_adapter_a/diagnose_ss_roundtrip_failures.py	root_git_tracked
reconvggt_ar_adapter_a/eval_b1_sparse_attribution.py	root_git_untracked
reconvggt_ar_adapter_a/eval_b4_delta_prior_alignment.py	root_git_tracked
reconvggt_ar_adapter_a/eval_b5_ss_cond_residual_checkpoint_sweep.py	root_git_tracked
reconvggt_ar_adapter_a/eval_pointpose_ss_lora.py	root_git_tracked
reconvggt_ar_adapter_a/eval_sparse_anchor_ss_flow.py	root_git_untracked
reconvggt_ar_adapter_a/eval_stock_preserving_pointpose_teacher_forced.py	root_git_untracked
reconvggt_ar_adapter_a/experiment_gates.py	root_git_untracked
reconvggt_ar_adapter_a/inspect_and_sanity.py	root_git_tracked
reconvggt_ar_adapter_a/pointpose_patch_features.py	root_git_untracked
reconvggt_ar_adapter_a/pointpose_ss_condition.py	root_git_tracked
reconvggt_ar_adapter_a/projection_token_features.py	root_git_tracked
reconvggt_ar_adapter_a/run_b3_adapter_injection_smoke.py	root_git_tracked
reconvggt_ar_adapter_a/run_b54_physical_ssgrid_smoke.py	root_git_tracked
reconvggt_ar_adapter_a/run_b5_ss_cond_residual_smoke.py	root_git_tracked
reconvggt_ar_adapter_a/run_b_projection_sanity.py	root_git_tracked
reconvggt_ar_adapter_a/run_eval_overfit64_s200_2gpu.sh	root_git_tracked
reconvggt_ar_adapter_a/run_ss_repair_to_smoke.sh	root_git_tracked
reconvggt_ar_adapter_a/sparse_anchor_flow.py	root_git_untracked
reconvggt_ar_adapter_a/stock_preserving_pointpose_bridge.py	root_git_untracked
reconvggt_ar_adapter_a/summarize_b59_multiseed.py	root_git_tracked
reconvggt_ar_adapter_a/summarize_j1a2a_36_4.py	root_git_untracked
reconvggt_ar_adapter_a/summarize_j1a2a_multiseed.py	root_git_untracked
reconvggt_ar_adapter_a/summarize_sparse_anchor_multiseed.py	root_git_untracked
reconvggt_ar_adapter_a/test_pointpose_ss_condition.py	root_git_tracked
reconvggt_ar_adapter_a/test_sparse_anchor_flow.py	root_git_untracked
reconvggt_ar_adapter_a/test_stock_preserving_pointpose_bridge.py	root_git_untracked
reconvggt_ar_adapter_a/token_adapter.py	root_git_tracked
reconvggt_ar_adapter_a/train_b55_physical_proxy_adapter.py	root_git_tracked
reconvggt_ar_adapter_a/train_b57_gradient_source_audit.py	root_git_tracked
reconvggt_ar_adapter_a/train_b5_ss_cond_residual_adapter.py	root_git_tracked
reconvggt_ar_adapter_a/train_b5_ss_cond_residual_multisession.py	root_git_tracked
reconvggt_ar_adapter_a/train_b_projection_adapter.py	root_git_tracked
reconvggt_ar_adapter_a/train_pointpose_ss_lora.py	root_git_tracked
reconvggt_ar_adapter_a/train_sparse_anchor_ss_flow.py	root_git_untracked
reconvggt_ar_adapter_a/train_stock_preserving_pointpose_bridge.py	root_git_untracked
reconvggt_ar_adapter_a/命令说明.txt	root_git_tracked
reconvggt_ar_adapter_a/当前adapter接入位置与先验作用说明.txt	root_git_tracked
reconvggt_ar_adapter_a/输出.txt	root_git_tracked
reconvggt_ar_adapter_a/输出2.txt	root_git_tracked
run.py	root_git_tracked
run_server.py	root_git_tracked
trellis_point_prior_mv/.gitignore	root_git_tracked
trellis_point_prior_mv/__init__.py	root_git_tracked
trellis_point_prior_mv/ar_session_smoke_io.py	root_git_tracked
trellis_point_prior_mv/ar_tracker/flags/current_session.json	root_git_untracked
trellis_point_prior_mv/ar_tracker/masks/20260624_010530_849/seed_frames.json	root_git_untracked
trellis_point_prior_mv/ar_tracker/masks/20260624_010530_849/segmentation_points.json	root_git_untracked
trellis_point_prior_mv/ar_tracker/masks/20260624_011149_207/seed_frames.json	root_git_untracked
trellis_point_prior_mv/ar_tracker/masks/20260624_011149_207/segmentation_points.json	root_git_untracked
trellis_point_prior_mv/ar_tracker/masks/20260624_011450_447/seed_frames.json	root_git_untracked
trellis_point_prior_mv/ar_tracker/masks/20260624_011450_447/segmentation_points.json	root_git_untracked
trellis_point_prior_mv/ar_tracker/masks/20260624_011933_843/seed_frames.json	root_git_untracked
trellis_point_prior_mv/ar_tracker/masks/20260624_011933_843/segmentation_points.json	root_git_untracked
trellis_point_prior_mv/build_ar_session_smoke_dataset.py	root_git_tracked
trellis_point_prior_mv/build_latent_inpaint_dataset.py	root_git_tracked
trellis_point_prior_mv/build_point_prior_dataset.py	root_git_tracked
trellis_point_prior_mv/build_real_slam_prior_manifest.py	root_git_tracked
trellis_point_prior_mv/common.py	root_git_tracked
trellis_point_prior_mv/eval_latent_inpaint_flow.py	root_git_tracked
trellis_point_prior_mv/eval_latent_inpaint_teacher_forced.py	root_git_tracked
trellis_point_prior_mv/eval_latent_splice_sanity.py	root_git_tracked
trellis_point_prior_mv/eval_mesh_frozen_downstream.py	root_git_tracked
trellis_point_prior_mv/eval_real_slam_stage2_sparse_diagnostics.py	root_git_tracked
trellis_point_prior_mv/eval_sparse_inpaint.py	root_git_tracked
trellis_point_prior_mv/eval_sparse_inpaint_stage2.py	root_git_tracked
trellis_point_prior_mv/eval_sparse_vae_sanity.py	root_git_tracked
trellis_point_prior_mv/latent_inpaint_image_condition.py	root_git_tracked
trellis_point_prior_mv/prepare_omniobject3d_subset.py	root_git_tracked
trellis_point_prior_mv/reconstruct_colmap_slam_proxy.py	root_git_tracked
trellis_point_prior_mv/run_real_slam_prior_mesh.py	root_git_tracked
trellis_point_prior_mv/scripts/prepare_omniobject3d_subset.sh	root_git_tracked
trellis_point_prior_mv/scripts/run_ar_like_streaming_slam_eval.sh	root_git_tracked
trellis_point_prior_mv/scripts/run_ar_session_server.sh	root_git_tracked
trellis_point_prior_mv/scripts/run_ar_session_smoke.sh	root_git_tracked
trellis_point_prior_mv/scripts/run_build_latent_inpaint_dataset.sh	root_git_tracked
trellis_point_prior_mv/scripts/run_latent_inpaint_flow.sh	root_git_tracked
trellis_point_prior_mv/scripts/run_latent_inpaint_imgcond_diagnostics.sh	root_git_tracked
trellis_point_prior_mv/scripts/run_latent_inpaint_sampler_equivalence.sh	root_git_tracked
trellis_point_prior_mv/scripts/run_latent_inpaint_teacher_forced.sh	root_git_tracked
trellis_point_prior_mv/scripts/run_latent_splice_sanity.sh	root_git_tracked
trellis_point_prior_mv/scripts/run_mesh_frozen_topk_sweep.sh	root_git_tracked
trellis_point_prior_mv/scripts/run_pixal_v9_point_prior_stage1.sh	root_git_tracked
trellis_point_prior_mv/scripts/run_pixal_v9_point_prior_stage2.sh	root_git_tracked
trellis_point_prior_mv/scripts/run_real_slam_prior_eval.sh	root_git_tracked
trellis_point_prior_mv/scripts/run_sparse_vae_sanity.sh	root_git_tracked
trellis_point_prior_mv/scripts/run_stage2_antioverfill_weight_sweep.sh	root_git_tracked
trellis_point_prior_mv/server.py	root_git_tracked
trellis_point_prior_mv/sparse_coord_tools.py	root_git_tracked
trellis_point_prior_mv/summarize_mesh_frozen_reports.py	root_git_tracked
trellis_point_prior_mv/train_latent_inpaint_flow.py	root_git_tracked
trellis_point_prior_mv/train_sparse_inpaint.py	root_git_tracked
trellis_point_prior_mv/train_sparse_inpaint_stage2.py	root_git_tracked
trellis_point_prior_mv/triangulate_slam_like_points.py	root_git_tracked
trellis_point_prior_mv/命令说明.txt	root_git_tracked
